id,customer_id,customer_name,gender,phone_number,province,biz_type,monthly_income,product_interest,potential,customer_behavior,bank_info,amount,interest_rate,loan_type,tenure,start_year,latitude,longitude,visit_date,created_at
1,CUST1000,Vannak Savuth,F,072 975 3277,Battambang,Coffee,8890.0,Personal Loan,M,Hesitant,ACLEDA,41977.0,7.4,Loan,24,2025,13.316965,103.086503,2025-09-07 23:56:40,2025-09-11 23:56:40
2,CUST1001,Bopha Savuth,M,045 339 5563,Phnom Penh,Fruit Vendor,19310.0,Savings Account,M,Hesitant,ACLEDA,25367.0,6.2,Loan,12,2023,11.524669,104.91936,2025-07-28 23:56:40,2025-09-11 23:56:40
3,CUST1002,Vannak Heng,F,051 697 9118,Siem Reap,Coffee,24220.0,Business Loan,M,Aggressive,ACLEDA,35035.0,7.7,Loan,12,2023,13.386059,104.126831,2025-08-31 23:56:40,2025-09-11 23:56:40
4,CUST1003,Bopha Savuth,M,076 528 3859,Battambang,Coffee,9570.0,Personal Loan,L,Aggressive,ABA,26644.0,13.2,Loan,36,2023,13.460975,102.877715,2025-08-10 23:56:40,2025-09-11 23:56:40
5,CUST1004,Dara Heng,M,018 346 1453,Phnom Penh,Grocery,6320.0,Savings Account,H,Interested,ACLEDA,17742.0,8.9,Loan,24,2025,11.533566,104.97117,2025-08-16 23:56:40,2025-09-11 23:56:40
6,CUST1005,Ravy Savuth,F,064 860 1426,Kandal,Coffee,13730.0,Savings Account,L,Hesitant,ABA,42800.0,12.6,Loan,24,2024,11.381208,105.040097,2025-07-24 23:56:40,2025-09-11 23:56:40
7,CUST1006,Sok Ly,M,025 927 1145,Siem Reap,Fruit Vendor,10570.0,Savings Account,L,Hesitant,ABA,23968.0,11.7,Loan,36,2023,13.137045,103.556767,2025-08-16 23:56:40,2025-09-11 23:56:40
8,CUST1007,Bopha Heng,F,049 317 5204,Kandal,Fruit Vendor,11410.0,Savings Account,L,Friendly,ABA,7884.0,13.2,Loan,24,2025,11.549553,104.759628,2025-08-03 23:56:40,2025-09-11 23:56:40
9,CUST1008,Sok Savuth,F,098 193 3359,Kandal,Phone Repair,16320.0,Savings Account,M,Aggressive,ABA,46224.0,13.2,Loan,12,2024,11.770936,105.058311,2025-07-06 23:56:40,2025-09-11 23:56:40
10,CUST1009,Vannak Heng,M,011 708 2245,Siem Reap,Fruit Vendor,17260.0,Personal Loan,L,Hesitant,Canadia,18064.0,10.8,Loan,12,2023,13.490455,103.905072,2025-06-15 23:56:40,2025-09-11 23:56:40
11,CUST1010,Vannak Savuth,M,055 225 2342,Phnom Penh,Grocery,3960.0,Business Loan,L,Hesitant,ACLEDA,34387.0,11.7,Loan,36,2025,11.56057,104.950533,2025-08-20 23:56:40,2025-09-11 23:56:40
12,CUST1011,Dara Heng,M,099 993 9077,Battambang,Coffee,21250.0,Savings Account,M,Friendly,Canadia,23702.0,5.9,Loan,24,2023,13.415112,103.051881,2025-06-23 23:56:40,2025-09-11 23:56:40
13,CUST1012,Dara Savuth,F,063 425 1915,Battambang,Grocery,21520.0,Personal Loan,H,Hesitant,Canadia,44711.0,10.2,Loan,36,2025,13.03466,103.187373,2025-08-12 23:56:40,2025-09-11 23:56:40
14,CUST1013,Vannak Kim,M,025 425 8174,Phnom Penh,Phone Repair,17130.0,Business Loan,L,Hesitant,Canadia,38388.0,11.1,Loan,12,2025,11.583465,104.892555,2025-07-09 23:56:40,2025-09-11 23:56:40
15,CUST1014,Ravy Kim,M,063 657 9351,Phnom Penh,Grocery,12650.0,Savings Account,H,Aggressive,ABA,24336.0,10.9,Loan,24,2025,11.518547,104.96533,2025-06-30 23:56:40,2025-09-11 23:56:40
16,CUST1015,Dara Heng,M,075 610 3513,Phnom Penh,Fruit Vendor,29750.0,Business Loan,M,Aggressive,ABA,48428.0,11.1,Loan,36,2024,11.548062,104.945955,2025-08-24 23:56:40,2025-09-11 23:56:40
17,CUST1016,Dara Kim,F,061 146 3051,Battambang,Phone Repair,20230.0,Personal Loan,M,Hesitant,Canadia,39032.0,6.3,Loan,12,2023,13.020342,103.473699,2025-06-18 23:56:40,2025-09-11 23:56:40
18,CUST1017,Dara Heng,F,041 849 8698,Kandal,Phone Repair,26020.0,Business Loan,H,Hesitant,ABA,38976.0,6.4,Loan,36,2023,11.203839,104.661944,2025-09-04 23:56:40,2025-09-11 23:56:40
19,CUST1018,Vannak Kim,F,073 266 7842,Phnom Penh,Phone Repair,28650.0,Personal Loan,M,Interested,Canadia,31310.0,8.2,Loan,36,2025,11.599241,104.939494,2025-06-29 23:56:40,2025-09-11 23:56:40
20,CUST1019,Bopha Savuth,M,012 463 3771,Kandal,Fruit Vendor,11550.0,Savings Account,M,Friendly,Canadia,1193.0,8.1,Loan,12,2024,11.270159,104.957786,2025-07-27 23:56:40,2025-09-11 23:56:40
21,CUST1020,Dara Pich,M,030 769 9298,Kandal,Coffee,12810.0,Business Loan,M,Aggressive,ACLEDA,34918.0,11.9,Loan,12,2024,11.61544,104.741584,2025-06-26 23:56:40,2025-09-11 23:56:40
22,CUST1021,Vannak Savuth,F,026 563 1432,Siem Reap,Coffee,26100.0,Business Loan,M,Hesitant,ACLEDA,43392.0,14.6,Loan,36,2023,13.226953,103.792553,2025-06-26 23:56:40,2025-09-11 23:56:40
23,CUST1022,Sok Heng,M,047 360 4342,Phnom Penh,Fruit Vendor,6360.0,Savings Account,L,Interested,Canadia,27250.0,14.9,Loan,24,2023,11.608311,104.882333,2025-08-07 23:56:40,2025-09-11 23:56:40
24,CUST1023,Sok Savuth,M,025 602 6078,Kandal,Coffee,15450.0,Savings Account,M,Friendly,ACLEDA,1648.0,11.0,Loan,36,2025,11.732792,105.062476,2025-07-19 23:56:40,2025-09-11 23:56:40
25,CUST1024,Dara Savuth,F,088 805 5249,Kandal,Coffee,8640.0,Personal Loan,M,Interested,ACLEDA,2099.0,13.4,Loan,24,2024,11.262884,104.775633,2025-09-01 23:56:40,2025-09-11 23:56:40
26,CUST1025,Sok Heng,F,093 997 8059,Siem Reap,Coffee,14140.0,Business Loan,M,Friendly,Canadia,2350.0,13.0,Loan,12,2023,13.182243,103.909515,2025-07-20 23:56:40,2025-09-11 23:56:40
27,CUST1026,Ravy Pich,M,020 641 5103,Battambang,Fruit Vendor,18730.0,Business Loan,H,Aggressive,ABA,14196.0,6.8,Loan,24,2024,13.364752,103.338981,2025-08-10 23:56:40,2025-09-11 23:56:40
28,CUST1027,Vannak Heng,F,089 748 5255,Kandal,Coffee,11210.0,Savings Account,H,Aggressive,ACLEDA,24587.0,10.1,Loan,12,2024,11.77123,105.233632,2025-08-15 23:56:40,2025-09-11 23:56:40
29,CUST1028,Sok Kim,F,076 363 6274,Phnom Penh,Coffee,4070.0,Business Loan,L,Hesitant,Canadia,47330.0,7.5,Loan,36,2023,11.513952,104.961862,2025-08-17 23:56:40,2025-09-11 23:56:40
30,CUST1029,Sok Kim,F,071 219 8806,Siem Reap,Grocery,19180.0,Personal Loan,L,Aggressive,ACLEDA,17170.0,11.8,Loan,12,2025,13.136123,103.821084,2025-07-05 23:56:40,2025-09-11 23:56:40
31,CUST1030,Sok Kim,F,021 235 6796,Phnom Penh,Fruit Vendor,22910.0,Savings Account,M,Hesitant,Canadia,31426.0,11.2,Loan,12,2025,11.569859,104.909911,2025-08-16 23:56:40,2025-09-11 23:56:40
32,CUST1031,Ravy Kim,M,085 782 1664,Phnom Penh,Coffee,4700.0,Business Loan,L,Hesitant,ACLEDA,13345.0,7.0,Loan,24,2024,11.532085,104.934827,2025-07-30 23:56:40,2025-09-11 23:56:40
33,CUST1032,Bopha Pich,M,044 694 4193,Kandal,Phone Repair,23690.0,Savings Account,M,Friendly,ACLEDA,37650.0,5.7,Loan,12,2023,11.391862,105.058757,2025-07-08 23:56:40,2025-09-11 23:56:40
34,CUST1033,Vannak Ly,M,099 445 7875,Siem Reap,Fruit Vendor,21750.0,Savings Account,H,Hesitant,ACLEDA,8460.0,6.2,Loan,36,2023,13.394947,103.835704,2025-08-22 23:56:40,2025-09-11 23:56:40
35,CUST1034,Sok Heng,M,031 861 8917,Battambang,Phone Repair,18650.0,Business Loan,L,Hesitant,ABA,2706.0,8.1,Loan,24,2024,12.830741,103.482597,2025-06-17 23:56:40,2025-09-11 23:56:40
36,CUST1035,Ravy Savuth,M,030 854 9064,Battambang,Fruit Vendor,8180.0,Personal Loan,H,Aggressive,ABA,27633.0,5.4,Loan,36,2025,13.30931,103.277475,2025-08-22 23:56:40,2025-09-11 23:56:40
37,CUST1036,Vannak Savuth,F,089 696 2343,Battambang,Coffee,13550.0,Savings Account,H,Aggressive,ACLEDA,1420.0,14.8,Loan,24,2025,13.274389,103.331423,2025-06-20 23:56:40,2025-09-11 23:56:40
38,CUST1037,Dara Kim,M,055 697 8626,Phnom Penh,Grocery,10220.0,Personal Loan,L,Friendly,ABA,49845.0,8.3,Loan,12,2023,11.551287,104.896098,2025-09-09 23:56:40,2025-09-11 23:56:40
39,CUST1038,Sok Savuth,F,069 504 6826,Phnom Penh,Fruit Vendor,26650.0,Personal Loan,H,Interested,ACLEDA,22338.0,12.6,Loan,24,2025,11.595081,104.930029,2025-07-14 23:56:40,2025-09-11 23:56:40
40,CUST1039,Ravy Heng,M,069 951 1965,Siem Reap,Grocery,23210.0,Savings Account,H,Aggressive,ACLEDA,20364.0,6.2,Loan,24,2024,13.522698,104.034646,2025-08-13 23:56:40,2025-09-11 23:56:40
41,CUST1040,Bopha Kim,F,047 175 9687,Siem Reap,Phone Repair,12290.0,Personal Loan,L,Friendly,ACLEDA,45546.0,9.4,Loan,36,2024,13.481916,104.011945,2025-06-23 23:56:40,2025-09-11 23:56:40
42,CUST1041,Dara Savuth,F,010 779 4355,Phnom Penh,Phone Repair,18860.0,Personal Loan,L,Interested,ACLEDA,36524.0,8.8,Loan,12,2023,11.531794,104.941663,2025-07-02 23:56:40,2025-09-11 23:56:40
43,CUST1042,Bopha Ly,F,014 182 2706,Siem Reap,Grocery,5780.0,Personal Loan,H,Aggressive,Canadia,24295.0,5.4,Loan,36,2025,13.565664,103.709397,2025-08-16 23:56:40,2025-09-11 23:56:40
44,CUST1043,Ravy Ly,M,090 367 2154,Siem Reap,Coffee,26960.0,Savings Account,L,Hesitant,ACLEDA,15005.0,6.8,Loan,36,2023,13.251768,103.633431,2025-07-18 23:56:40,2025-09-11 23:56:40
45,CUST1044,Sok Savuth,M,047 122 1404,Kandal,Phone Repair,6680.0,Business Loan,L,Hesitant,ABA,34160.0,6.0,Loan,12,2023,11.30401,105.074458,2025-06-19 23:56:40,2025-09-11 23:56:40
46,CUST1045,Bopha Ly,M,072 752 8294,Siem Reap,Grocery,12930.0,Savings Account,L,Hesitant,Canadia,44565.0,7.7,Loan,24,2023,13.091931,104.066002,2025-07-13 23:56:40,2025-09-11 23:56:40
47,CUST1046,Dara Kim,F,079 708 9706,Kandal,Fruit Vendor,8850.0,Personal Loan,H,Friendly,ABA,38377.0,13.0,Loan,12,2023,11.715429,105.111547,2025-08-15 23:56:40,2025-09-11 23:56:40
48,CUST1047,Dara Kim,M,016 342 1091,Kandal,Phone Repair,19010.0,Savings Account,M,Friendly,ABA,7585.0,13.0,Loan,36,2023,11.775245,104.826202,2025-07-06 23:56:40,2025-09-11 23:56:40
49,CUST1048,Vannak Ly,F,090 731 8725,Siem Reap,Phone Repair,4030.0,Business Loan,M,Aggressive,ACLEDA,26803.0,12.2,Loan,12,2025,13.589799,103.891665,2025-07-16 23:56:40,2025-09-11 23:56:40
50,CUST1049,Ravy Ly,F,060 792 2792,Kandal,Phone Repair,13840.0,Personal Loan,L,Interested,ACLEDA,4961.0,8.6,Loan,24,2023,11.186523,104.981816,2025-06-18 23:56:40,2025-09-11 23:56:40
51,CUST1050,Ravy Savuth,F,087 570 4689,Battambang,Coffee,22340.0,Personal Loan,L,Friendly,ACLEDA,35044.0,7.0,Loan,12,2023,13.262922,103.305194,2025-08-12 23:56:40,2025-09-11 23:56:40
52,CUST1051,Dara Pich,M,066 601 6781,Siem Reap,Coffee,24400.0,Personal Loan,H,Hesitant,Canadia,2848.0,6.5,Loan,24,2024,13.339746,104.109089,2025-08-03 23:56:40,2025-09-11 23:56:40
53,CUST1052,Bopha Ly,F,095 122 2033,Siem Reap,Phone Repair,6610.0,Personal Loan,M,Aggressive,ACLEDA,30584.0,10.9,Loan,36,2024,13.332321,103.920788,2025-07-24 23:56:40,2025-09-11 23:56:40
54,CUST1053,Sok Ly,M,082 539 5126,Kandal,Coffee,17650.0,Personal Loan,L,Aggressive,Canadia,9849.0,8.7,Loan,24,2024,11.672886,105.192053,2025-06-22 23:56:40,2025-09-11 23:56:40
55,CUST1054,Vannak Pich,M,089 914 9449,Kandal,Grocery,18060.0,Personal Loan,M,Friendly,Canadia,46291.0,5.5,Loan,24,2023,11.764371,104.890121,2025-07-21 23:56:40,2025-09-11 23:56:40
56,CUST1055,Dara Heng,M,030 829 2335,Kandal,Phone Repair,6520.0,Savings Account,H,Hesitant,Canadia,48098.0,14.4,Loan,12,2023,11.567187,105.160008,2025-08-21 23:56:40,2025-09-11 23:56:40
57,CUST1056,Dara Kim,M,070 890 8024,Kandal,Coffee,22370.0,Savings Account,L,Aggressive,ABA,10283.0,6.6,Loan,12,2025,11.475828,104.727329,2025-07-09 23:56:40,2025-09-11 23:56:40
58,CUST1057,Dara Savuth,M,054 853 6806,Kandal,Fruit Vendor,19580.0,Personal Loan,H,Interested,ACLEDA,32149.0,6.5,Loan,24,2023,11.189181,105.152429,2025-08-17 23:56:40,2025-09-11 23:56:40
59,CUST1058,Bopha Savuth,F,073 796 8839,Kandal,Grocery,21490.0,Savings Account,H,Friendly,Canadia,10056.0,7.4,Loan,24,2024,11.650776,105.208897,2025-06-25 23:56:40,2025-09-11 23:56:40
60,CUST1059,Sok Ly,F,062 466 3449,Siem Reap,Fruit Vendor,8650.0,Savings Account,M,Friendly,ABA,6484.0,9.0,Loan,24,2025,13.191687,103.767157,2025-09-07 23:56:40,2025-09-11 23:56:40
61,CUST1060,Vannak Heng,M,083 300 1744,Siem Reap,Phone Repair,25300.0,Business Loan,L,Hesitant,ACLEDA,24338.0,14.8,Loan,24,2025,13.643073,103.951939,2025-08-02 23:56:40,2025-09-11 23:56:40
62,CUST1061,Ravy Ly,M,018 475 9676,Battambang,Grocery,5780.0,Savings Account,M,Friendly,ABA,33809.0,7.5,Loan,12,2023,12.731692,103.420207,2025-06-20 23:56:40,2025-09-11 23:56:40
63,CUST1062,Sok Heng,F,058 340 9951,Phnom Penh,Phone Repair,3180.0,Business Loan,M,Hesitant,ACLEDA,15744.0,8.8,Loan,12,2024,11.577914,104.889743,2025-08-13 23:56:40,2025-09-11 23:56:40
64,CUST1063,Vannak Savuth,M,083 258 7725,Kandal,Grocery,22860.0,Personal Loan,L,Aggressive,Canadia,33222.0,6.3,Loan,36,2023,11.628418,104.847582,2025-07-01 23:56:40,2025-09-11 23:56:40
65,CUST1064,Ravy Pich,F,097 575 7341,Kandal,Coffee,28590.0,Savings Account,M,Aggressive,ABA,46340.0,7.4,Loan,36,2024,11.299966,105.124641,2025-07-10 23:56:40,2025-09-11 23:56:40
66,CUST1065,Dara Pich,F,054 814 7798,Siem Reap,Grocery,8120.0,Business Loan,H,Hesitant,ABA,29871.0,13.1,Loan,12,2024,13.256283,103.911374,2025-08-03 23:56:40,2025-09-11 23:56:40
67,CUST1066,Vannak Heng,M,010 311 6421,Siem Reap,Grocery,17040.0,Personal Loan,H,Interested,ABA,41973.0,13.4,Loan,12,2024,13.090511,103.823247,2025-07-23 23:56:40,2025-09-11 23:56:40
68,CUST1067,Vannak Heng,F,028 701 5743,Battambang,Coffee,20250.0,Savings Account,M,Interested,ACLEDA,49136.0,13.7,Loan,24,2025,13.094393,103.469379,2025-09-01 23:56:40,2025-09-11 23:56:40
69,CUST1068,Bopha Kim,F,082 823 8460,Kandal,Fruit Vendor,13920.0,Business Loan,H,Hesitant,ACLEDA,10751.0,14.3,Loan,24,2023,11.321757,104.777577,2025-07-31 23:56:40,2025-09-11 23:56:40
70,CUST1069,Sok Ly,M,071 454 5380,Battambang,Phone Repair,7470.0,Personal Loan,L,Friendly,ACLEDA,5749.0,9.8,Loan,24,2023,12.721372,102.980266,2025-07-02 23:56:40,2025-09-11 23:56:40
71,CUST1070,Dara Kim,F,079 906 3725,Phnom Penh,Grocery,8560.0,Business Loan,M,Friendly,ABA,27595.0,11.5,Loan,24,2024,11.516659,104.915286,2025-09-03 23:56:40,2025-09-11 23:56:40
72,CUST1071,Sok Kim,F,015 679 1311,Phnom Penh,Coffee,15950.0,Personal Loan,L,Aggressive,Canadia,23853.0,5.4,Loan,24,2025,11.573312,104.961655,2025-09-08 23:56:40,2025-09-11 23:56:40
73,CUST1072,Ravy Savuth,F,065 907 8502,Battambang,Fruit Vendor,7280.0,Business Loan,M,Aggressive,ACLEDA,14400.0,9.2,Loan,24,2023,12.800641,103.168772,2025-07-08 23:56:40,2025-09-11 23:56:40
74,CUST1073,Ravy Heng,M,087 225 3828,Siem Reap,Phone Repair,6650.0,Savings Account,L,Friendly,Canadia,45760.0,13.2,Loan,12,2024,13.249139,103.962699,2025-07-11 23:56:40,2025-09-11 23:56:40
75,CUST1074,Ravy Pich,M,087 443 7761,Battambang,Fruit Vendor,9470.0,Personal Loan,H,Friendly,ACLEDA,24590.0,10.2,Loan,36,2025,13.210783,102.82881,2025-07-28 23:56:40,2025-09-11 23:56:40
76,CUST1075,Vannak Heng,M,092 269 7924,Battambang,Grocery,22640.0,Business Loan,M,Interested,Canadia,31613.0,12.6,Loan,36,2025,13.448521,103.154168,2025-09-11 23:56:40,2025-09-11 23:56:40
77,CUST1076,Ravy Heng,F,063 400 1328,Battambang,Grocery,6830.0,Business Loan,M,Aggressive,Canadia,6234.0,12.3,Loan,12,2023,13.039683,102.932846,2025-06-13 23:56:40,2025-09-11 23:56:40
78,CUST1077,Ravy Kim,M,061 707 8347,Kandal,Grocery,17760.0,Personal Loan,H,Friendly,ACLEDA,6558.0,10.2,Loan,24,2023,11.753074,104.844665,2025-08-11 23:56:40,2025-09-11 23:56:40
79,CUST1078,Sok Savuth,F,013 224 8847,Kandal,Coffee,21120.0,Business Loan,H,Hesitant,ABA,7051.0,7.3,Loan,36,2023,11.2531,104.770738,2025-08-24 23:56:40,2025-09-11 23:56:40
80,CUST1079,Ravy Pich,M,015 236 9970,Kandal,Fruit Vendor,20670.0,Personal Loan,H,Hesitant,ACLEDA,44246.0,13.1,Loan,36,2023,11.711158,105.161656,2025-07-24 23:56:40,2025-09-11 23:56:40
81,CUST1080,Sok Heng,F,065 968 2615,Kandal,Phone Repair,14570.0,Savings Account,H,Interested,Canadia,8145.0,11.9,Loan,12,2023,11.776947,104.842119,2025-07-19 23:56:40,2025-09-11 23:56:40
82,CUST1081,Bopha Heng,F,090 745 9813,Battambang,Grocery,10760.0,Savings Account,M,Hesitant,ACLEDA,30925.0,10.3,Loan,24,2025,13.174822,102.831514,2025-09-02 23:56:40,2025-09-11 23:56:40
83,CUST1082,Vannak Heng,F,016 511 4168,Phnom Penh,Fruit Vendor,18830.0,Business Loan,L,Friendly,Canadia,39287.0,8.7,Loan,12,2025,11.597805,104.890538,2025-09-08 23:56:40,2025-09-11 23:56:40
84,CUST1083,Sok Kim,F,071 917 8637,Kandal,Phone Repair,17240.0,Personal Loan,M,Interested,ABA,36882.0,10.2,Loan,36,2023,11.260565,105.227659,2025-06-22 23:56:40,2025-09-11 23:56:40
85,CUST1084,Vannak Heng,M,094 828 3959,Kandal,Coffee,5950.0,Savings Account,L,Hesitant,ABA,14151.0,11.3,Loan,12,2024,11.365851,104.653682,2025-08-23 23:56:40,2025-09-11 23:56:40
86,CUST1085,Vannak Savuth,F,072 812 1250,Phnom Penh,Fruit Vendor,17480.0,Personal Loan,L,Hesitant,Canadia,23679.0,10.0,Loan,36,2024,11.585064,104.931742,2025-08-30 23:56:40,2025-09-11 23:56:40
87,CUST1086,Bopha Pich,F,031 347 5097,Phnom Penh,Fruit Vendor,4410.0,Personal Loan,L,Friendly,ACLEDA,14936.0,5.3,Loan,12,2024,11.594062,104.904525,2025-06-28 23:56:40,2025-09-11 23:56:40
88,CUST1087,Dara Ly,M,083 310 2146,Phnom Penh,Grocery,21970.0,Savings Account,H,Friendly,ACLEDA,34797.0,13.8,Loan,24,2025,11.535109,104.881368,2025-07-24 23:56:40,2025-09-11 23:56:40
89,CUST1088,Ravy Ly,F,011 141 1097,Siem Reap,Fruit Vendor,8990.0,Personal Loan,M,Interested,ABA,36097.0,7.0,Loan,36,2024,13.557354,103.724384,2025-08-09 23:56:40,2025-09-11 23:56:40
90,CUST1089,Vannak Heng,F,036 894 4909,Siem Reap,Coffee,10860.0,Savings Account,H,Hesitant,ABA,29668.0,6.9,Loan,24,2024,13.522215,103.735358,2025-08-04 23:56:40,2025-09-11 23:56:40
91,CUST1090,Ravy Kim,F,054 678 3323,Battambang,Coffee,23340.0,Savings Account,H,Friendly,ACLEDA,26223.0,11.1,Loan,36,2024,13.044751,103.322073,2025-07-12 23:56:40,2025-09-11 23:56:40
92,CUST1091,Bopha Ly,M,020 836 6703,Siem Reap,Fruit Vendor,29270.0,Savings Account,M,Hesitant,Canadia,46573.0,7.5,Loan,12,2023,13.62739,103.625297,2025-08-08 23:56:40,2025-09-11 23:56:40
93,CUST1092,Sok Savuth,M,073 704 8486,Kandal,Coffee,27450.0,Personal Loan,H,Interested,ABA,27693.0,12.7,Loan,12,2023,11.457538,104.74808,2025-08-01 23:56:40,2025-09-11 23:56:40
94,CUST1093,Dara Ly,M,095 282 6395,Siem Reap,Phone Repair,23740.0,Personal Loan,M,Hesitant,ABA,8126.0,5.6,Loan,36,2024,13.158495,103.625507,2025-07-10 23:56:40,2025-09-11 23:56:40
95,CUST1094,Ravy Savuth,F,083 457 3725,Battambang,Grocery,13530.0,Savings Account,L,Aggressive,Canadia,49872.0,12.6,Loan,12,2025,12.860482,103.132642,2025-07-26 23:56:40,2025-09-11 23:56:40
96,CUST1095,Dara Pich,F,093 657 7250,Siem Reap,Coffee,14700.0,Personal Loan,L,Friendly,Canadia,44333.0,7.3,Loan,36,2023,13.319712,103.695352,2025-07-06 23:56:40,2025-09-11 23:56:40
97,CUST1096,Dara Kim,F,096 595 6904,Siem Reap,Fruit Vendor,14080.0,Business Loan,L,Interested,ABA,37778.0,9.4,Loan,36,2025,13.512564,104.122741,2025-08-06 23:56:40,2025-09-11 23:56:40
98,CUST1097,Bopha Heng,M,071 750 1925,Battambang,Phone Repair,27900.0,Savings Account,M,Interested,Canadia,39123.0,13.2,Loan,24,2025,12.929603,103.485772,2025-07-26 23:56:40,2025-09-11 23:56:40
99,CUST1098,Vannak Savuth,F,024 243 4801,Battambang,Grocery,28690.0,Business Loan,M,Aggressive,ABA,3681.0,7.2,Loan,12,2024,12.838949,103.363017,2025-06-29 23:56:40,2025-09-11 23:56:40
100,CUST1099,Vannak Ly,F,085 754 4089,Kandal,Coffee,17470.0,Business Loan,H,Interested,ABA,21230.0,11.8,Loan,12,2024,11.405585,104.703611,2025-06-13 23:56:40,2025-09-11 23:56:40
101,CUST1100,Sok Heng,M,030 363 9419,Kandal,Fruit Vendor,14230.0,Personal Loan,M,Interested,Canadia,21032.0,14.3,Loan,12,2024,11.217534,104.712084,2025-06-22 23:56:40,2025-09-11 23:56:40
102,CUST1101,Bopha Heng,F,020 884 7637,Kandal,Coffee,16390.0,Personal Loan,L,Aggressive,ACLEDA,29514.0,12.8,Loan,36,2025,11.420338,104.863574,2025-06-17 23:56:40,2025-09-11 23:56:40
103,CUST1102,Vannak Kim,M,085 637 1811,Battambang,Grocery,27610.0,Business Loan,H,Hesitant,ACLEDA,28297.0,11.1,Loan,36,2023,12.803419,103.483714,2025-09-02 23:56:40,2025-09-11 23:56:40
104,CUST1103,Vannak Savuth,M,038 928 5185,Phnom Penh,Fruit Vendor,20730.0,Business Loan,H,Hesitant,ACLEDA,37004.0,6.7,Loan,36,2024,11.558671,104.977369,2025-06-13 23:56:40,2025-09-11 23:56:40
105,CUST1104,Sok Savuth,M,075 160 2880,Siem Reap,Grocery,11530.0,Savings Account,M,Interested,Canadia,47142.0,8.8,Loan,24,2025,13.605296,103.665778,2025-07-21 23:56:40,2025-09-11 23:56:40
106,CUST1105,Bopha Heng,F,099 301 4794,Kandal,Phone Repair,5720.0,Personal Loan,L,Hesitant,Canadia,33478.0,12.8,Loan,12,2024,11.20413,104.914983,2025-09-08 23:56:40,2025-09-11 23:56:40
107,CUST1106,Dara Savuth,M,070 838 2163,Battambang,Coffee,27100.0,Savings Account,L,Interested,Canadia,10253.0,8.1,Loan,36,2024,12.918986,103.475156,2025-06-27 23:56:40,2025-09-11 23:56:40
108,CUST1107,Vannak Kim,F,048 225 1236,Siem Reap,Phone Repair,8360.0,Business Loan,L,Hesitant,ABA,23895.0,8.3,Loan,36,2023,13.282048,104.065529,2025-08-14 23:56:40,2025-09-11 23:56:40
109,CUST1108,Dara Pich,M,040 848 1716,Phnom Penh,Grocery,5180.0,Personal Loan,M,Friendly,ABA,26255.0,5.2,Loan,36,2025,11.51735,104.915566,2025-06-13 23:56:40,2025-09-11 23:56:40
110,CUST1109,Dara Savuth,M,066 880 1755,Phnom Penh,Phone Repair,5960.0,Business Loan,H,Aggressive,ABA,24822.0,7.7,Loan,36,2025,11.562432,104.886572,2025-09-02 23:56:40,2025-09-11 23:56:40
111,CUST1110,Dara Kim,M,072 917 6635,Battambang,Grocery,7370.0,Personal Loan,L,Hesitant,ABA,49558.0,13.8,Loan,24,2023,13.007023,103.450263,2025-08-28 23:56:40,2025-09-11 23:56:40
112,CUST1111,Ravy Heng,M,085 651 5359,Battambang,Fruit Vendor,16490.0,Personal Loan,H,Interested,ACLEDA,22969.0,13.2,Loan,24,2025,12.814609,103.510074,2025-07-19 23:56:40,2025-09-11 23:56:40
113,CUST1112,Sok Savuth,F,048 794 1113,Battambang,Coffee,3670.0,Savings Account,M,Aggressive,ABA,37324.0,6.1,Loan,24,2024,12.774959,102.834229,2025-07-29 23:56:40,2025-09-11 23:56:40
114,CUST1113,Dara Pich,M,026 442 4053,Kandal,Coffee,9120.0,Savings Account,H,Aggressive,ABA,39117.0,7.6,Loan,12,2025,11.228963,105.095751,2025-09-06 23:56:40,2025-09-11 23:56:40
115,CUST1114,Bopha Ly,F,060 443 6951,Phnom Penh,Coffee,23940.0,Savings Account,H,Interested,Canadia,8324.0,6.9,Loan,36,2024,11.565802,104.917427,2025-08-22 23:56:40,2025-09-11 23:56:40
116,CUST1115,Sok Heng,F,012 826 3373,Phnom Penh,Phone Repair,24830.0,Savings Account,H,Aggressive,Canadia,36531.0,12.9,Loan,12,2024,11.600655,104.965225,2025-08-17 23:56:40,2025-09-11 23:56:40
117,CUST1116,Ravy Kim,F,073 819 4923,Battambang,Coffee,28290.0,Business Loan,H,Hesitant,ACLEDA,45057.0,7.0,Loan,36,2025,12.780632,103.157331,2025-07-13 23:56:40,2025-09-11 23:56:40
118,CUST1117,Sok Ly,F,039 871 2418,Siem Reap,Grocery,7670.0,Business Loan,M,Hesitant,ABA,37505.0,6.8,Loan,12,2024,13.410838,104.06235,2025-07-28 23:56:40,2025-09-11 23:56:40
119,CUST1118,Dara Pich,F,045 558 3490,Phnom Penh,Fruit Vendor,26040.0,Business Loan,H,Interested,ACLEDA,36651.0,8.3,Loan,36,2023,11.543888,104.956444,2025-07-25 23:56:40,2025-09-11 23:56:40
120,CUST1119,Sok Ly,F,027 946 3163,Siem Reap,Grocery,9320.0,Savings Account,H,Aggressive,ABA,18329.0,9.0,Loan,36,2024,13.337757,104.03151,2025-08-13 23:56:40,2025-09-11 23:56:40
121,CUST1120,Bopha Savuth,F,011 814 4489,Siem Reap,Grocery,19460.0,Savings Account,L,Hesitant,ABA,36039.0,6.5,Loan,12,2024,13.221512,103.789296,2025-08-19 23:56:40,2025-09-11 23:56:40
122,CUST1121,Dara Kim,M,040 371 6905,Kandal,Coffee,21630.0,Personal Loan,H,Friendly,ABA,21779.0,11.8,Loan,36,2024,11.461194,105.115956,2025-06-22 23:56:40,2025-09-11 23:56:40
123,CUST1122,Bopha Ly,M,096 771 6568,Phnom Penh,Fruit Vendor,24660.0,Savings Account,H,Hesitant,ACLEDA,34003.0,12.6,Loan,24,2025,11.581541,104.893434,2025-08-11 23:56:40,2025-09-11 23:56:40
124,CUST1123,Dara Pich,M,030 355 5168,Siem Reap,Phone Repair,25060.0,Business Loan,M,Hesitant,Canadia,2084.0,9.0,Loan,36,2024,13.221303,103.880588,2025-07-27 23:56:40,2025-09-11 23:56:40
125,CUST1124,Dara Heng,M,019 755 5808,Kandal,Grocery,20160.0,Personal Loan,M,Interested,ABA,8716.0,5.0,Loan,36,2023,11.596022,104.874594,2025-07-08 23:56:40,2025-09-11 23:56:40
126,CUST1125,Ravy Kim,M,087 431 5029,Kandal,Grocery,10400.0,Business Loan,H,Interested,ABA,13899.0,8.4,Loan,36,2025,11.246635,105.164247,2025-07-16 23:56:40,2025-09-11 23:56:40
127,CUST1126,Bopha Savuth,M,032 529 4159,Kandal,Fruit Vendor,20820.0,Savings Account,H,Interested,ABA,2848.0,8.6,Loan,24,2023,11.450103,105.165422,2025-08-05 23:56:40,2025-09-11 23:56:40
128,CUST1127,Dara Kim,F,011 725 7505,Siem Reap,Fruit Vendor,25180.0,Personal Loan,M,Interested,ACLEDA,10078.0,6.0,Loan,36,2023,13.55202,103.924045,2025-07-05 23:56:40,2025-09-11 23:56:40
129,CUST1128,Sok Ly,F,042 490 2156,Kandal,Fruit Vendor,26120.0,Savings Account,L,Friendly,Canadia,18730.0,5.4,Loan,12,2023,11.266441,104.962441,2025-08-18 23:56:40,2025-09-11 23:56:40
130,CUST1129,Ravy Savuth,F,066 687 9825,Battambang,Grocery,18310.0,Personal Loan,L,Interested,Canadia,23391.0,8.7,Loan,36,2023,12.917487,103.420341,2025-06-25 23:56:40,2025-09-11 23:56:40
131,CUST1130,Bopha Ly,F,045 137 4244,Kandal,Coffee,6350.0,Personal Loan,L,Aggressive,Canadia,39960.0,10.8,Loan,24,2024,11.664873,104.810946,2025-06-26 23:56:40,2025-09-11 23:56:40
132,CUST1131,Vannak Pich,F,080 173 8637,Battambang,Coffee,13330.0,Personal Loan,H,Friendly,ABA,12449.0,10.2,Loan,12,2023,12.914548,102.800742,2025-08-01 23:56:40,2025-09-11 23:56:40
133,CUST1132,Bopha Savuth,M,067 794 7449,Battambang,Coffee,18830.0,Personal Loan,H,Interested,ABA,20149.0,7.5,Loan,24,2025,13.130777,103.163742,2025-06-18 23:56:40,2025-09-11 23:56:40
134,CUST1133,Sok Savuth,F,061 921 9893,Siem Reap,Fruit Vendor,9370.0,Business Loan,L,Aggressive,ABA,42459.0,10.4,Loan,12,2025,13.076124,103.697358,2025-09-11 23:56:40,2025-09-11 23:56:40
135,CUST1134,Sok Ly,M,027 781 6798,Kandal,Fruit Vendor,3370.0,Savings Account,M,Interested,ABA,33655.0,6.2,Loan,24,2024,11.302941,105.187926,2025-07-26 23:56:40,2025-09-11 23:56:40
136,CUST1135,Vannak Kim,M,011 884 3829,Phnom Penh,Coffee,20500.0,Personal Loan,M,Interested,ACLEDA,46136.0,7.3,Loan,24,2025,11.524018,104.937728,2025-08-14 23:56:40,2025-09-11 23:56:40
137,CUST1136,Vannak Kim,F,067 882 1929,Phnom Penh,Coffee,11640.0,Personal Loan,L,Hesitant,ABA,45710.0,11.2,Loan,24,2025,11.545232,104.940245,2025-07-06 23:56:40,2025-09-11 23:56:40
138,CUST1137,Vannak Kim,F,012 913 6996,Battambang,Grocery,16920.0,Savings Account,M,Friendly,ACLEDA,13162.0,8.8,Loan,12,2023,13.155337,103.171584,2025-07-03 23:56:40,2025-09-11 23:56:40
139,CUST1138,Sok Savuth,M,078 438 7848,Phnom Penh,Fruit Vendor,14830.0,Personal Loan,L,Interested,ACLEDA,29967.0,14.8,Loan,36,2023,11.525411,104.886661,2025-07-20 23:56:40,2025-09-11 23:56:40
140,CUST1139,Dara Savuth,F,085 903 7951,Siem Reap,Grocery,14850.0,Business Loan,M,Hesitant,Canadia,29071.0,8.1,Loan,12,2023,13.345142,103.80763,2025-07-30 23:56:40,2025-09-11 23:56:40
141,CUST1140,Dara Kim,F,025 856 8301,Battambang,Phone Repair,8890.0,Business Loan,L,Hesitant,ABA,6666.0,9.2,Loan,24,2024,13.030016,103.34226,2025-08-01 23:56:40,2025-09-11 23:56:40
142,CUST1141,Vannak Kim,F,057 738 9995,Kandal,Phone Repair,15450.0,Business Loan,M,Interested,ACLEDA,25131.0,8.2,Loan,12,2023,11.627018,105.178884,2025-08-10 23:56:40,2025-09-11 23:56:40
143,CUST1142,Dara Heng,F,044 600 3223,Phnom Penh,Phone Repair,12480.0,Savings Account,H,Interested,ACLEDA,28220.0,8.2,Loan,36,2024,11.601282,104.926042,2025-07-30 23:56:40,2025-09-11 23:56:40
144,CUST1143,Dara Savuth,F,092 395 7745,Battambang,Coffee,24910.0,Business Loan,M,Hesitant,Canadia,24018.0,6.9,Loan,24,2024,13.368413,103.079651,2025-06-22 23:56:40,2025-09-11 23:56:40
145,CUST1144,Sok Heng,F,081 897 9594,Battambang,Fruit Vendor,12220.0,Personal Loan,H,Hesitant,Canadia,13170.0,13.2,Loan,36,2024,12.891355,103.08908,2025-08-16 23:56:40,2025-09-11 23:56:40
146,CUST1145,Sok Savuth,F,018 915 5933,Siem Reap,Phone Repair,9640.0,Personal Loan,H,Aggressive,ABA,34450.0,11.8,Loan,12,2025,13.212987,104.02994,2025-08-03 23:56:40,2025-09-11 23:56:40
147,CUST1146,Ravy Kim,F,023 770 9650,Siem Reap,Fruit Vendor,21210.0,Business Loan,L,Friendly,ABA,10552.0,13.4,Loan,12,2024,13.116727,103.774059,2025-08-04 23:56:40,2025-09-11 23:56:40
148,CUST1147,Bopha Kim,F,044 622 6726,Battambang,Grocery,10130.0,Personal Loan,L,Hesitant,ACLEDA,4782.0,10.6,Loan,12,2025,13.440043,103.538553,2025-07-30 23:56:40,2025-09-11 23:56:40
149,CUST1148,Sok Kim,M,049 452 5344,Siem Reap,Phone Repair,9790.0,Personal Loan,L,Aggressive,ACLEDA,4016.0,14.3,Loan,24,2023,13.292512,104.063353,2025-08-31 23:56:40,2025-09-11 23:56:40
150,CUST1149,Sok Kim,F,044 513 4908,Kandal,Phone Repair,6580.0,Savings Account,L,Hesitant,ABA,15202.0,7.3,Loan,36,2025,11.619658,104.900209,2025-08-26 23:56:40,2025-09-11 23:56:40
151,CUST1150,Ravy Savuth,M,030 862 8188,Phnom Penh,Coffee,15450.0,Savings Account,H,Aggressive,ACLEDA,11575.0,5.4,Loan,12,2025,11.538542,104.948782,2025-08-05 23:56:40,2025-09-11 23:56:40
152,CUST1151,Vannak Savuth,F,017 715 2126,Battambang,Fruit Vendor,25120.0,Personal Loan,M,Interested,ACLEDA,1323.0,11.2,Loan,36,2023,13.255333,103.359414,2025-09-06 23:56:40,2025-09-11 23:56:40
153,CUST1152,Sok Heng,M,077 839 6293,Phnom Penh,Grocery,29810.0,Savings Account,L,Friendly,Canadia,31120.0,7.9,Loan,12,2025,11.511343,104.965904,2025-09-05 23:56:40,2025-09-11 23:56:40
154,CUST1153,Sok Savuth,F,048 286 4094,Battambang,Phone Repair,23590.0,Personal Loan,L,Aggressive,ACLEDA,2592.0,6.4,Loan,36,2024,13.131087,102.985612,2025-08-20 23:56:40,2025-09-11 23:56:40
155,CUST1154,Sok Ly,M,025 789 5048,Siem Reap,Phone Repair,18970.0,Personal Loan,H,Friendly,ACLEDA,13188.0,14.9,Loan,24,2024,13.459077,103.592025,2025-08-17 23:56:40,2025-09-11 23:56:40
156,CUST1155,Bopha Kim,M,018 367 3919,Phnom Penh,Fruit Vendor,9120.0,Savings Account,H,Aggressive,ACLEDA,3468.0,13.4,Loan,24,2023,11.590423,104.918347,2025-07-15 23:56:40,2025-09-11 23:56:40
157,CUST1156,Sok Heng,F,035 873 8329,Phnom Penh,Grocery,13570.0,Savings Account,L,Aggressive,ABA,23951.0,12.7,Loan,36,2025,11.58519,104.976464,2025-07-27 23:56:40,2025-09-11 23:56:40
158,CUST1157,Sok Savuth,M,052 526 7433,Battambang,Grocery,20710.0,Savings Account,M,Friendly,ACLEDA,31729.0,8.9,Loan,24,2025,13.071005,103.047672,2025-09-01 23:56:40,2025-09-11 23:56:40
159,CUST1158,Vannak Pich,F,082 504 9260,Siem Reap,Grocery,3300.0,Savings Account,M,Friendly,Canadia,20872.0,7.8,Loan,36,2024,13.639606,103.685364,2025-08-25 23:56:40,2025-09-11 23:56:40
160,CUST1159,Vannak Pich,M,031 370 2300,Phnom Penh,Coffee,3650.0,Savings Account,M,Hesitant,ABA,39390.0,5.9,Loan,24,2024,11.587492,104.963447,2025-09-08 23:56:40,2025-09-11 23:56:40
161,CUST1160,Ravy Savuth,F,087 352 6645,Siem Reap,Coffee,6910.0,Personal Loan,L,Interested,ACLEDA,15482.0,11.8,Loan,12,2023,13.452327,104.11162,2025-09-06 23:56:40,2025-09-11 23:56:40
162,CUST1161,Bopha Pich,F,041 701 7836,Kandal,Grocery,25070.0,Business Loan,L,Hesitant,ABA,22806.0,9.7,Loan,12,2024,11.602466,105.136872,2025-06-26 23:56:40,2025-09-11 23:56:40
163,CUST1162,Dara Heng,F,066 696 9104,Battambang,Fruit Vendor,3810.0,Savings Account,L,Friendly,ACLEDA,21929.0,6.6,Loan,36,2023,13.211163,103.416554,2025-07-25 23:56:40,2025-09-11 23:56:40
164,CUST1163,Ravy Pich,M,020 457 9723,Battambang,Coffee,29310.0,Savings Account,H,Aggressive,Canadia,17903.0,8.7,Loan,36,2024,13.298882,103.518267,2025-06-27 23:56:40,2025-09-11 23:56:40
165,CUST1164,Bopha Pich,F,082 462 6055,Battambang,Coffee,6910.0,Business Loan,H,Interested,Canadia,5590.0,8.9,Loan,12,2023,12.740979,103.054672,2025-07-14 23:56:40,2025-09-11 23:56:40
166,CUST1165,Ravy Heng,M,036 862 4046,Siem Reap,Phone Repair,19590.0,Savings Account,M,Friendly,ABA,49328.0,11.5,Loan,36,2024,13.218091,103.659473,2025-08-08 23:56:40,2025-09-11 23:56:40
167,CUST1166,Sok Kim,M,077 255 7148,Siem Reap,Phone Repair,9330.0,Business Loan,M,Hesitant,ABA,45721.0,10.0,Loan,24,2024,13.262763,103.849153,2025-06-26 23:56:40,2025-09-11 23:56:40
168,CUST1167,Bopha Heng,M,030 967 2030,Battambang,Grocery,25650.0,Business Loan,L,Friendly,ACLEDA,34062.0,10.8,Loan,24,2024,13.041682,102.932539,2025-06-16 23:56:40,2025-09-11 23:56:40
169,CUST1168,Bopha Pich,M,056 889 3801,Kandal,Grocery,24950.0,Personal Loan,H,Interested,Canadia,11915.0,12.9,Loan,12,2024,11.536069,105.129721,2025-07-16 23:56:40,2025-09-11 23:56:40
170,CUST1169,Ravy Heng,M,092 494 4254,Battambang,Phone Repair,10810.0,Personal Loan,L,Aggressive,Canadia,34053.0,8.9,Loan,24,2023,12.863032,103.120432,2025-06-13 23:56:40,2025-09-11 23:56:40
171,CUST1170,Ravy Kim,F,013 394 7713,Battambang,Phone Repair,14230.0,Savings Account,H,Hesitant,ABA,20363.0,11.6,Loan,24,2023,12.819202,103.570477,2025-08-06 23:56:40,2025-09-11 23:56:40
172,CUST1171,Bopha Savuth,M,098 880 6681,Battambang,Coffee,18710.0,Business Loan,L,Interested,ABA,10131.0,14.5,Loan,36,2024,12.900854,103.46008,2025-07-13 23:56:40,2025-09-11 23:56:40
173,CUST1172,Ravy Heng,M,025 418 6391,Battambang,Coffee,7700.0,Savings Account,L,Friendly,Canadia,7065.0,6.6,Loan,36,2025,13.157649,103.487302,2025-07-28 23:56:40,2025-09-11 23:56:40
174,CUST1173,Dara Heng,M,034 400 8361,Kandal,Coffee,13690.0,Personal Loan,L,Interested,Canadia,10495.0,11.0,Loan,12,2025,11.450634,104.971782,2025-09-07 23:56:40,2025-09-11 23:56:40
175,CUST1174,Ravy Heng,F,067 560 3934,Phnom Penh,Fruit Vendor,27100.0,Savings Account,L,Aggressive,Canadia,36616.0,8.3,Loan,12,2023,11.518958,104.973554,2025-08-08 23:56:40,2025-09-11 23:56:40
176,CUST1175,Vannak Savuth,F,016 851 9698,Phnom Penh,Fruit Vendor,17880.0,Personal Loan,H,Hesitant,ABA,37755.0,12.9,Loan,24,2024,11.573183,104.933872,2025-08-21 23:56:40,2025-09-11 23:56:40
177,CUST1176,Bopha Kim,M,077 368 1514,Phnom Penh,Grocery,26880.0,Personal Loan,L,Aggressive,ABA,29651.0,10.0,Loan,36,2023,11.546545,104.960719,2025-07-10 23:56:40,2025-09-11 23:56:40
178,CUST1177,Bopha Pich,F,020 105 1285,Siem Reap,Coffee,22040.0,Personal Loan,M,Hesitant,Canadia,45147.0,8.2,Loan,36,2025,13.325655,103.558733,2025-08-21 23:56:40,2025-09-11 23:56:40
179,CUST1178,Sok Heng,M,049 294 8574,Siem Reap,Grocery,28600.0,Personal Loan,L,Interested,ABA,28371.0,5.0,Loan,24,2024,13.516019,104.111719,2025-06-13 23:56:40,2025-09-11 23:56:40
180,CUST1179,Bopha Kim,F,074 324 3073,Kandal,Phone Repair,18280.0,Personal Loan,M,Aggressive,ACLEDA,3004.0,13.0,Loan,12,2024,11.363234,105.181333,2025-07-01 23:56:40,2025-09-11 23:56:40
181,CUST1180,Ravy Heng,M,070 861 7626,Battambang,Grocery,14800.0,Savings Account,M,Aggressive,ABA,16603.0,12.4,Loan,36,2023,13.481577,103.004321,2025-06-22 23:56:40,2025-09-11 23:56:40
182,CUST1181,Sok Kim,M,073 696 9365,Battambang,Coffee,29330.0,Personal Loan,M,Friendly,ABA,3082.0,9.6,Loan,36,2023,12.81323,103.346251,2025-07-19 23:56:40,2025-09-11 23:56:40
183,CUST1182,Dara Heng,M,052 552 2091,Phnom Penh,Grocery,27130.0,Personal Loan,H,Hesitant,Canadia,2449.0,12.3,Loan,12,2025,11.519975,104.921339,2025-06-29 23:56:40,2025-09-11 23:56:40
184,CUST1183,Vannak Heng,F,082 138 6499,Siem Reap,Fruit Vendor,5400.0,Business Loan,M,Hesitant,Canadia,5751.0,6.4,Loan,24,2024,13.370679,104.107195,2025-07-24 23:56:40,2025-09-11 23:56:40
185,CUST1184,Vannak Savuth,M,088 939 4810,Siem Reap,Coffee,21070.0,Savings Account,H,Friendly,ABA,8201.0,14.2,Loan,24,2023,13.479485,103.676643,2025-07-26 23:56:40,2025-09-11 23:56:40
186,CUST1185,Bopha Ly,F,086 346 5925,Battambang,Fruit Vendor,21530.0,Business Loan,H,Hesitant,Canadia,37967.0,14.4,Loan,36,2024,13.193403,103.500561,2025-08-03 23:56:40,2025-09-11 23:56:40
187,CUST1186,Dara Ly,M,015 581 4346,Kandal,Fruit Vendor,27850.0,Savings Account,L,Hesitant,ACLEDA,8815.0,10.9,Loan,24,2025,11.46552,104.980989,2025-06-15 23:56:40,2025-09-11 23:56:40
188,CUST1187,Dara Ly,F,015 220 4490,Kandal,Phone Repair,4220.0,Personal Loan,H,Hesitant,ACLEDA,16896.0,6.3,Loan,12,2024,11.412081,105.129689,2025-08-30 23:56:40,2025-09-11 23:56:40
189,CUST1188,Dara Heng,M,062 648 3930,Phnom Penh,Phone Repair,3280.0,Business Loan,H,Friendly,ABA,2931.0,6.8,Loan,12,2023,11.583541,104.925934,2025-07-17 23:56:40,2025-09-11 23:56:40
190,CUST1189,Sok Ly,M,098 286 2173,Siem Reap,Coffee,10810.0,Savings Account,M,Friendly,ABA,49390.0,5.9,Loan,12,2023,13.353429,104.146279,2025-07-21 23:56:40,2025-09-11 23:56:40
191,CUST1190,Sok Ly,F,096 893 4606,Kandal,Coffee,7440.0,Personal Loan,M,Hesitant,ACLEDA,48678.0,8.7,Loan,24,2025,11.621964,104.906755,2025-09-07 23:56:40,2025-09-11 23:56:40
192,CUST1191,Ravy Ly,M,076 399 3396,Kandal,Coffee,24290.0,Business Loan,M,Aggressive,ACLEDA,46287.0,5.6,Loan,12,2025,11.58201,104.923534,2025-07-23 23:56:40,2025-09-11 23:56:40
193,CUST1192,Sok Heng,F,024 519 1580,Battambang,Fruit Vendor,23080.0,Business Loan,H,Aggressive,Canadia,20534.0,10.9,Loan,24,2023,13.009264,103.429096,2025-08-01 23:56:40,2025-09-11 23:56:40
194,CUST1193,Vannak Kim,M,060 356 2848,Kandal,Coffee,16970.0,Personal Loan,H,Friendly,Canadia,42106.0,6.0,Loan,12,2024,11.564978,104.985131,2025-07-07 23:56:40,2025-09-11 23:56:40
195,CUST1194,Ravy Ly,F,069 663 4581,Battambang,Phone Repair,21270.0,Savings Account,H,Friendly,ABA,34768.0,11.6,Loan,36,2023,13.396334,103.59486,2025-08-29 23:56:40,2025-09-11 23:56:40
196,CUST1195,Bopha Pich,M,060 151 8040,Phnom Penh,Fruit Vendor,8620.0,Business Loan,H,Aggressive,Canadia,25630.0,5.4,Loan,36,2023,11.586755,104.930398,2025-07-29 23:56:40,2025-09-11 23:56:40
197,CUST1196,Vannak Heng,F,020 556 4389,Battambang,Coffee,5400.0,Personal Loan,L,Friendly,ACLEDA,7459.0,10.8,Loan,36,2024,13.193166,103.094421,2025-08-28 23:56:40,2025-09-11 23:56:40
198,CUST1197,Dara Savuth,F,010 996 7810,Phnom Penh,Grocery,16970.0,Business Loan,L,Friendly,ACLEDA,12372.0,7.7,Loan,36,2025,11.512036,104.906609,2025-06-29 23:56:40,2025-09-11 23:56:40
199,CUST1198,Ravy Heng,F,090 588 6485,Battambang,Phone Repair,29900.0,Personal Loan,H,Hesitant,ABA,34022.0,7.7,Loan,12,2025,12.926432,103.394038,2025-07-29 23:56:40,2025-09-11 23:56:40
200,CUST1199,Bopha Kim,M,021 569 4564,Siem Reap,Fruit Vendor,27780.0,Savings Account,L,Interested,ABA,42514.0,8.8,Loan,24,2025,13.601632,103.79212,2025-08-05 23:56:40,2025-09-11 23:56:40
201,CUST1000,Ravy Pich,F,088 238 1592,Battambang,Phone Repair,23390.0,Savings Account,H,Interested,ABA,21521.0,5.6,Loan,36,2024,12.961311,103.554929,2025-08-23 12:53:41,2025-09-12 12:53:41
202,CUST1001,Dara Pich,M,070 984 6555,Kandal,Coffee,20340.0,Savings Account,M,Hesitant,ABA,38979.0,7.6,Loan,12,2025,11.654625,105.110522,2025-06-30 12:53:41,2025-09-12 12:53:41
203,CUST1002,Dara Pich,M,086 498 6352,Phnom Penh,Grocery,18020.0,Personal Loan,L,Hesitant,Canadia,32396.0,9.4,Loan,36,2023,11.598796,104.924216,2025-06-28 12:53:41,2025-09-12 12:53:41
204,CUST1003,Sok Savuth,F,063 641 2302,Phnom Penh,Grocery,28320.0,Personal Loan,M,Friendly,Canadia,5571.0,5.4,Loan,12,2023,11.58056,104.975737,2025-08-25 12:53:41,2025-09-12 12:53:41
205,CUST1004,Bopha Savuth,F,069 873 8558,Siem Reap,Phone Repair,10980.0,Savings Account,M,Hesitant,ACLEDA,21092.0,11.9,Loan,12,2023,13.364417,103.79748,2025-08-18 12:53:41,2025-09-12 12:53:41
206,CUST1005,Vannak Heng,M,058 491 9769,Siem Reap,Fruit Vendor,28460.0,Personal Loan,M,Aggressive,ABA,9672.0,6.2,Loan,24,2024,13.642291,103.938557,2025-08-09 12:53:41,2025-09-12 12:53:41
207,CUST1006,Dara Ly,F,012 845 8506,Phnom Penh,Fruit Vendor,14370.0,Business Loan,M,Hesitant,ACLEDA,1197.0,9.4,Loan,36,2023,11.579601,104.965689,2025-06-25 12:53:41,2025-09-12 12:53:41
208,CUST1007,Sok Ly,F,023 761 8322,Siem Reap,Fruit Vendor,13340.0,Savings Account,L,Friendly,ABA,2179.0,6.6,Loan,24,2024,13.520519,104.078291,2025-08-06 12:53:41,2025-09-12 12:53:41
209,CUST1008,Bopha Heng,M,041 660 4230,Siem Reap,Fruit Vendor,7780.0,Business Loan,L,Interested,ABA,32070.0,14.7,Loan,36,2025,13.297382,103.847309,2025-07-26 12:53:41,2025-09-12 12:53:41
210,CUST1009,Sok Savuth,M,053 649 6705,Phnom Penh,Phone Repair,13030.0,Business Loan,H,Aggressive,ACLEDA,34571.0,10.0,Loan,12,2025,11.540009,104.959445,2025-08-26 12:53:41,2025-09-12 12:53:41
211,CUST1010,Dara Kim,M,047 398 2066,Kandal,Coffee,29350.0,Savings Account,H,Aggressive,ABA,41134.0,8.3,Loan,12,2024,11.479995,105.193481,2025-08-07 12:53:41,2025-09-12 12:53:41
212,CUST1011,Ravy Ly,M,099 397 5513,Phnom Penh,Fruit Vendor,22530.0,Personal Loan,M,Friendly,ACLEDA,31456.0,9.2,Loan,36,2024,11.56846,104.903562,2025-08-08 12:53:41,2025-09-12 12:53:41
213,CUST1012,Bopha Ly,F,055 294 8872,Siem Reap,Grocery,3590.0,Business Loan,M,Hesitant,Canadia,30408.0,13.4,Loan,24,2024,13.381223,103.993582,2025-06-23 12:53:41,2025-09-12 12:53:41
214,CUST1013,Ravy Ly,M,083 476 4493,Battambang,Phone Repair,29840.0,Personal Loan,M,Hesitant,ABA,13133.0,10.5,Loan,24,2025,13.221434,103.563374,2025-07-30 12:53:41,2025-09-12 12:53:41
215,CUST1014,Vannak Ly,M,011 851 1595,Battambang,Grocery,14820.0,Savings Account,L,Hesitant,Canadia,48332.0,6.7,Loan,12,2024,13.164364,103.042743,2025-08-06 12:53:41,2025-09-12 12:53:41
216,CUST1015,Vannak Pich,M,025 709 3079,Phnom Penh,Phone Repair,28250.0,Savings Account,M,Interested,ABA,12878.0,15.0,Loan,24,2023,11.605031,104.894762,2025-08-17 12:53:41,2025-09-12 12:53:41
217,CUST1016,Dara Kim,M,076 468 6628,Siem Reap,Fruit Vendor,29330.0,Savings Account,L,Friendly,ACLEDA,1383.0,11.3,Loan,12,2023,13.342142,103.778097,2025-08-27 12:53:41,2025-09-12 12:53:41
218,CUST1017,Dara Heng,F,065 333 5266,Kandal,Coffee,10030.0,Business Loan,M,Friendly,ABA,36780.0,7.6,Loan,36,2025,11.749875,105.191411,2025-06-18 12:53:41,2025-09-12 12:53:41
219,CUST1018,Dara Savuth,M,071 412 2861,Phnom Penh,Coffee,22490.0,Personal Loan,M,Aggressive,Canadia,17073.0,9.4,Loan,36,2024,11.541213,104.929344,2025-06-25 12:53:41,2025-09-12 12:53:41
220,CUST1019,Bopha Savuth,F,075 659 9662,Phnom Penh,Grocery,27280.0,Savings Account,M,Interested,Canadia,26483.0,11.7,Loan,36,2024,11.540213,104.978529,2025-07-13 12:53:41,2025-09-12 12:53:41
221,CUST1020,Bopha Pich,F,046 692 8671,Battambang,Phone Repair,16180.0,Personal Loan,M,Hesitant,ABA,25206.0,14.0,Loan,36,2025,12.716125,103.383318,2025-08-25 12:53:41,2025-09-12 12:53:41
222,CUST1021,Ravy Ly,F,067 167 9753,Phnom Penh,Fruit Vendor,24640.0,Personal Loan,H,Interested,ABA,27508.0,10.1,Loan,12,2023,11.58055,104.978528,2025-07-17 12:53:41,2025-09-12 12:53:41
223,CUST1022,Dara Savuth,M,010 334 3122,Kandal,Fruit Vendor,11000.0,Savings Account,M,Friendly,Canadia,31118.0,9.7,Loan,24,2025,11.391796,104.87432,2025-07-17 12:53:41,2025-09-12 12:53:41
224,CUST1023,Sok Ly,M,046 836 9760,Phnom Penh,Fruit Vendor,27200.0,Savings Account,L,Aggressive,Canadia,24460.0,6.3,Loan,36,2025,11.574785,104.899795,2025-08-21 12:53:41,2025-09-12 12:53:41
225,CUST1024,Vannak Savuth,M,010 149 6885,Battambang,Grocery,26550.0,Savings Account,L,Interested,ABA,44179.0,14.3,Loan,36,2025,13.453453,102.829602,2025-07-23 12:53:41,2025-09-12 12:53:41
226,CUST1025,Bopha Ly,F,022 802 6251,Kandal,Coffee,28360.0,Business Loan,L,Hesitant,ACLEDA,41577.0,11.3,Loan,12,2024,11.653972,105.027191,2025-08-02 12:53:41,2025-09-12 12:53:41
227,CUST1026,Dara Heng,F,089 456 9962,Phnom Penh,Coffee,9200.0,Personal Loan,L,Aggressive,ABA,9954.0,13.2,Loan,12,2023,11.53078,104.924501,2025-07-08 12:53:41,2025-09-12 12:53:41
228,CUST1027,Sok Ly,F,017 169 9674,Phnom Penh,Phone Repair,19600.0,Savings Account,H,Interested,ABA,18837.0,5.4,Loan,36,2025,11.581514,104.972565,2025-06-29 12:53:41,2025-09-12 12:53:41
229,CUST1028,Dara Pich,M,068 374 2533,Phnom Penh,Coffee,18230.0,Business Loan,H,Interested,Canadia,36563.0,8.8,Loan,36,2023,11.521499,104.915625,2025-08-20 12:53:41,2025-09-12 12:53:41
230,CUST1029,Ravy Ly,F,085 561 2421,Battambang,Coffee,8350.0,Personal Loan,L,Interested,Canadia,14016.0,12.3,Loan,12,2025,12.947314,103.055178,2025-09-09 12:53:41,2025-09-12 12:53:41
231,CUST1030,Ravy Savuth,M,088 221 4683,Kandal,Coffee,3670.0,Savings Account,M,Aggressive,ABA,1811.0,12.5,Loan,36,2024,11.636753,105.024583,2025-06-23 12:53:41,2025-09-12 12:53:41
232,CUST1031,Ravy Pich,F,059 934 6170,Phnom Penh,Phone Repair,5640.0,Savings Account,L,Aggressive,Canadia,39705.0,11.9,Loan,12,2024,11.59346,104.903775,2025-07-14 12:53:41,2025-09-12 12:53:41
233,CUST1032,Ravy Savuth,M,065 798 8784,Kandal,Phone Repair,24850.0,Personal Loan,L,Interested,ABA,11541.0,7.8,Loan,24,2023,11.511894,105.163025,2025-07-17 12:53:41,2025-09-12 12:53:41
234,CUST1033,Dara Pich,M,037 575 1617,Kandal,Coffee,27020.0,Savings Account,M,Hesitant,Canadia,32865.0,6.7,Loan,12,2025,11.450772,104.791764,2025-08-29 12:53:41,2025-09-12 12:53:41
235,CUST1034,Bopha Pich,M,059 950 5462,Battambang,Fruit Vendor,25400.0,Personal Loan,H,Friendly,ACLEDA,3319.0,9.0,Loan,24,2024,13.106154,103.162452,2025-08-18 12:53:41,2025-09-12 12:53:41
236,CUST1035,Ravy Kim,M,013 469 1096,Kandal,Grocery,10200.0,Business Loan,L,Aggressive,Canadia,20998.0,7.5,Loan,36,2025,11.725472,104.945401,2025-08-09 12:53:41,2025-09-12 12:53:41
237,CUST1036,Vannak Heng,M,012 360 8943,Siem Reap,Coffee,3180.0,Personal Loan,M,Hesitant,ACLEDA,44447.0,13.9,Loan,24,2025,13.320472,103.603324,2025-08-02 12:53:41,2025-09-12 12:53:41
238,CUST1037,Bopha Pich,F,023 164 9172,Siem Reap,Fruit Vendor,24620.0,Personal Loan,L,Hesitant,ACLEDA,38903.0,11.2,Loan,12,2024,13.501703,103.987732,2025-09-03 12:53:41,2025-09-12 12:53:41
239,CUST1038,Dara Pich,M,013 132 4598,Kandal,Phone Repair,13060.0,Personal Loan,H,Hesitant,ACLEDA,13973.0,9.6,Loan,36,2023,11.504194,104.80018,2025-08-03 12:53:41,2025-09-12 12:53:41
240,CUST1039,Bopha Kim,M,034 760 7818,Siem Reap,Phone Repair,23140.0,Savings Account,L,Friendly,Canadia,34317.0,11.0,Loan,24,2025,13.337283,103.835179,2025-07-30 12:53:41,2025-09-12 12:53:41
241,CUST1040,Sok Kim,M,054 309 6182,Siem Reap,Grocery,10110.0,Savings Account,L,Friendly,ACLEDA,17977.0,5.2,Loan,24,2023,13.577464,103.843575,2025-08-25 12:53:41,2025-09-12 12:53:41
242,CUST1041,Ravy Pich,F,045 449 9687,Siem Reap,Fruit Vendor,23800.0,Savings Account,M,Aggressive,Canadia,37292.0,6.3,Loan,24,2024,13.118243,103.99605,2025-09-11 12:53:41,2025-09-12 12:53:41
243,CUST1042,Ravy Heng,M,057 993 4863,Kandal,Grocery,26370.0,Savings Account,M,Interested,ABA,5413.0,6.0,Loan,36,2023,11.203716,104.676379,2025-06-29 12:53:41,2025-09-12 12:53:41
244,CUST1043,Vannak Heng,F,058 618 6000,Kandal,Coffee,27080.0,Savings Account,H,Friendly,ABA,6159.0,7.3,Loan,36,2024,11.268424,104.891704,2025-08-30 12:53:41,2025-09-12 12:53:41
245,CUST1044,Bopha Heng,F,094 765 4201,Siem Reap,Phone Repair,5480.0,Business Loan,M,Friendly,ACLEDA,7096.0,5.4,Loan,12,2023,13.504918,103.597175,2025-07-12 12:53:41,2025-09-12 12:53:41
246,CUST1045,Sok Ly,F,047 376 5342,Phnom Penh,Coffee,6900.0,Personal Loan,L,Hesitant,ABA,42160.0,9.8,Loan,12,2025,11.529164,104.917196,2025-07-14 12:53:41,2025-09-12 12:53:41
247,CUST1046,Ravy Heng,M,042 153 4926,Kandal,Coffee,18600.0,Savings Account,L,Friendly,ACLEDA,28237.0,6.8,Loan,24,2023,11.723716,105.171778,2025-08-21 12:53:41,2025-09-12 12:53:41
248,CUST1047,Sok Pich,F,060 632 4290,Phnom Penh,Fruit Vendor,15730.0,Business Loan,M,Friendly,ACLEDA,7576.0,7.7,Loan,24,2023,11.596967,104.88745,2025-08-14 12:53:41,2025-09-12 12:53:41
249,CUST1048,Ravy Pich,M,075 169 8274,Battambang,Grocery,8840.0,Business Loan,M,Hesitant,ACLEDA,19019.0,5.3,Loan,36,2025,12.705047,102.806334,2025-07-25 12:53:41,2025-09-12 12:53:41
250,CUST1049,Dara Heng,M,092 780 9463,Battambang,Coffee,29700.0,Personal Loan,H,Interested,ACLEDA,40449.0,6.4,Loan,12,2023,13.312379,103.140176,2025-08-24 12:53:41,2025-09-12 12:53:41
251,CUST1050,Sok Kim,M,046 130 7178,Phnom Penh,Grocery,6140.0,Business Loan,H,Aggressive,ABA,36074.0,5.1,Loan,24,2025,11.586677,104.975361,2025-07-13 12:53:41,2025-09-12 12:53:41
252,CUST1051,Dara Savuth,F,042 195 7977,Kandal,Phone Repair,7600.0,Business Loan,L,Aggressive,ABA,25985.0,14.6,Loan,24,2025,11.696767,105.098435,2025-06-16 12:53:41,2025-09-12 12:53:41
253,CUST1052,Dara Ly,F,065 849 3530,Siem Reap,Coffee,10440.0,Personal Loan,H,Aggressive,ACLEDA,24965.0,14.6,Loan,12,2025,13.239831,103.972173,2025-08-28 12:53:41,2025-09-12 12:53:41
254,CUST1053,Sok Pich,F,017 164 2908,Phnom Penh,Phone Repair,3100.0,Personal Loan,L,Hesitant,ACLEDA,9731.0,12.0,Loan,36,2024,11.530056,104.881607,2025-08-11 12:53:41,2025-09-12 12:53:41
255,CUST1054,Bopha Savuth,M,075 973 3219,Phnom Penh,Fruit Vendor,4000.0,Savings Account,L,Aggressive,ABA,32447.0,7.3,Loan,24,2023,11.574965,104.927095,2025-06-27 12:53:41,2025-09-12 12:53:41
256,CUST1055,Sok Pich,F,093 792 1797,Phnom Penh,Phone Repair,11740.0,Personal Loan,M,Friendly,ABA,30994.0,13.6,Loan,24,2024,11.586244,104.977314,2025-08-06 12:53:41,2025-09-12 12:53:41
257,CUST1056,Ravy Heng,F,058 627 1749,Kandal,Grocery,25420.0,Savings Account,L,Friendly,ABA,23473.0,6.5,Loan,36,2023,11.341889,104.695474,2025-07-15 12:53:41,2025-09-12 12:53:41
258,CUST1057,Bopha Pich,M,029 191 1103,Battambang,Phone Repair,18550.0,Savings Account,M,Hesitant,ACLEDA,34093.0,11.0,Loan,24,2023,12.880238,103.284109,2025-07-02 12:53:41,2025-09-12 12:53:41
259,CUST1058,Vannak Ly,F,010 169 5626,Kandal,Fruit Vendor,17190.0,Business Loan,H,Aggressive,ACLEDA,33980.0,13.5,Loan,36,2024,11.195741,104.936867,2025-07-06 12:53:41,2025-09-12 12:53:41
260,CUST1059,Sok Ly,M,091 126 7136,Siem Reap,Coffee,12740.0,Personal Loan,H,Interested,ACLEDA,31214.0,9.3,Loan,12,2025,13.634974,103.83739,2025-07-27 12:53:41,2025-09-12 12:53:41
261,CUST1060,Ravy Heng,F,037 967 3467,Phnom Penh,Fruit Vendor,24010.0,Personal Loan,H,Hesitant,ACLEDA,8120.0,10.0,Loan,24,2024,11.552167,104.952842,2025-09-04 12:53:41,2025-09-12 12:53:41
262,CUST1061,Bopha Ly,M,091 511 2877,Battambang,Grocery,10540.0,Savings Account,H,Friendly,Canadia,18020.0,9.6,Loan,12,2024,13.487178,103.307066,2025-08-09 12:53:41,2025-09-12 12:53:41
263,CUST1062,Dara Ly,M,077 641 6099,Kandal,Coffee,21160.0,Savings Account,H,Hesitant,ACLEDA,36871.0,13.4,Loan,36,2023,11.451672,104.884084,2025-07-17 12:53:41,2025-09-12 12:53:41
264,CUST1063,Vannak Kim,F,045 456 6263,Kandal,Grocery,29820.0,Business Loan,M,Interested,Canadia,4810.0,11.8,Loan,12,2023,11.73136,104.792003,2025-08-29 12:53:41,2025-09-12 12:53:41
265,CUST1064,Ravy Pich,F,022 759 7655,Battambang,Grocery,19440.0,Business Loan,M,Aggressive,ABA,9959.0,7.1,Loan,24,2025,12.941079,103.136352,2025-08-01 12:53:41,2025-09-12 12:53:41
266,CUST1065,Bopha Savuth,F,071 684 5400,Battambang,Coffee,28290.0,Personal Loan,L,Aggressive,ABA,32201.0,6.0,Loan,36,2024,12.776771,102.926875,2025-07-09 12:53:41,2025-09-12 12:53:41
267,CUST1066,Bopha Kim,M,026 552 3136,Phnom Penh,Fruit Vendor,9290.0,Business Loan,M,Interested,ACLEDA,49564.0,14.9,Loan,12,2024,11.573842,104.897403,2025-08-25 12:53:41,2025-09-12 12:53:41
268,CUST1067,Vannak Ly,F,066 554 5180,Phnom Penh,Fruit Vendor,5130.0,Personal Loan,H,Aggressive,ACLEDA,27416.0,12.1,Loan,36,2025,11.525499,104.929574,2025-07-06 12:53:41,2025-09-12 12:53:41
269,CUST1068,Ravy Heng,F,087 908 7186,Phnom Penh,Fruit Vendor,5240.0,Business Loan,L,Friendly,ABA,10727.0,11.2,Loan,12,2025,11.584716,104.97412,2025-06-15 12:53:41,2025-09-12 12:53:41
270,CUST1069,Vannak Pich,F,082 666 7745,Battambang,Phone Repair,5440.0,Business Loan,M,Interested,ACLEDA,32383.0,14.1,Loan,24,2023,13.07605,103.26115,2025-08-17 12:53:41,2025-09-12 12:53:41
271,CUST1070,Ravy Savuth,F,040 145 5873,Siem Reap,Phone Repair,17610.0,Personal Loan,M,Hesitant,ACLEDA,46362.0,5.4,Loan,24,2025,13.317046,104.1461,2025-08-05 12:53:41,2025-09-12 12:53:41
272,CUST1071,Bopha Kim,F,024 863 8933,Battambang,Phone Repair,23520.0,Personal Loan,M,Interested,ABA,25044.0,9.3,Loan,36,2023,12.87312,103.315436,2025-07-28 12:53:41,2025-09-12 12:53:41
273,CUST1072,Vannak Pich,M,068 901 5695,Phnom Penh,Phone Repair,16990.0,Savings Account,H,Aggressive,ACLEDA,26303.0,7.6,Loan,24,2023,11.539987,104.923091,2025-06-27 12:53:41,2025-09-12 12:53:41
274,CUST1073,Dara Pich,F,024 641 4608,Kandal,Coffee,16570.0,Personal Loan,M,Hesitant,ABA,4966.0,9.3,Loan,36,2025,11.743193,104.721706,2025-07-22 12:53:41,2025-09-12 12:53:41
275,CUST1074,Sok Heng,F,090 200 4686,Siem Reap,Grocery,15250.0,Business Loan,H,Aggressive,ACLEDA,12663.0,13.6,Loan,24,2024,13.656059,103.980731,2025-06-18 12:53:41,2025-09-12 12:53:41
276,CUST1075,Bopha Pich,M,036 142 8034,Kandal,Grocery,9210.0,Business Loan,L,Interested,Canadia,7012.0,11.8,Loan,24,2024,11.497629,104.94495,2025-06-16 12:53:41,2025-09-12 12:53:41
277,CUST1076,Ravy Kim,M,095 995 3525,Siem Reap,Fruit Vendor,27250.0,Business Loan,H,Aggressive,ABA,18212.0,13.7,Loan,36,2023,13.336028,104.148996,2025-08-21 12:53:41,2025-09-12 12:53:41
278,CUST1077,Bopha Ly,F,078 634 1683,Kandal,Grocery,8060.0,Savings Account,H,Interested,ABA,24814.0,13.5,Loan,12,2024,11.316765,105.000882,2025-06-26 12:53:41,2025-09-12 12:53:41
279,CUST1078,Bopha Kim,F,087 612 3190,Kandal,Phone Repair,17460.0,Business Loan,M,Interested,Canadia,19477.0,5.8,Loan,12,2024,11.276314,104.865586,2025-07-13 12:53:41,2025-09-12 12:53:41
280,CUST1079,Ravy Heng,F,027 519 9813,Kandal,Fruit Vendor,29640.0,Personal Loan,M,Friendly,ACLEDA,46972.0,11.0,Loan,36,2025,11.318127,104.788339,2025-09-01 12:53:41,2025-09-12 12:53:41
281,CUST1080,Sok Kim,M,056 331 2107,Siem Reap,Phone Repair,10010.0,Savings Account,H,Friendly,ACLEDA,44109.0,6.7,Loan,24,2024,13.469318,104.033143,2025-08-18 12:53:41,2025-09-12 12:53:41
282,CUST1081,Sok Savuth,F,099 540 3238,Siem Reap,Coffee,8560.0,Savings Account,H,Hesitant,ABA,35682.0,14.4,Loan,36,2025,13.422663,103.562534,2025-07-19 12:53:41,2025-09-12 12:53:41
283,CUST1082,Dara Savuth,M,035 991 7197,Kandal,Coffee,24790.0,Savings Account,L,Hesitant,ABA,6012.0,10.2,Loan,24,2023,11.201218,104.982976,2025-07-02 12:53:41,2025-09-12 12:53:41
284,CUST1083,Ravy Ly,F,086 163 2513,Battambang,Fruit Vendor,24590.0,Personal Loan,L,Interested,Canadia,36907.0,12.8,Loan,12,2024,12.910782,103.204035,2025-08-20 12:53:41,2025-09-12 12:53:41
285,CUST1084,Ravy Savuth,M,085 521 8822,Siem Reap,Coffee,7360.0,Savings Account,H,Friendly,ACLEDA,13820.0,6.4,Loan,24,2023,13.363461,103.975392,2025-08-30 12:53:41,2025-09-12 12:53:41
286,CUST1085,Vannak Pich,F,066 633 6166,Battambang,Coffee,23900.0,Savings Account,M,Aggressive,ACLEDA,9454.0,10.8,Loan,36,2023,12.763306,103.003039,2025-07-02 12:53:41,2025-09-12 12:53:41
287,CUST1086,Dara Savuth,M,073 148 1546,Siem Reap,Fruit Vendor,7710.0,Business Loan,L,Interested,ACLEDA,1306.0,5.2,Loan,12,2023,13.177242,103.779506,2025-08-27 12:53:41,2025-09-12 12:53:41
288,CUST1087,Bopha Pich,F,080 495 7131,Battambang,Phone Repair,27600.0,Savings Account,L,Friendly,ABA,41058.0,14.0,Loan,24,2025,13.005372,103.39508,2025-06-28 12:53:41,2025-09-12 12:53:41
289,CUST1088,Ravy Kim,F,052 365 5426,Battambang,Grocery,25640.0,Savings Account,L,Aggressive,ACLEDA,42545.0,10.4,Loan,12,2025,12.802657,103.593687,2025-09-12 12:53:41,2025-09-12 12:53:41
290,CUST1089,Ravy Pich,M,099 374 7084,Kandal,Grocery,7950.0,Personal Loan,H,Friendly,ACLEDA,24066.0,11.4,Loan,12,2024,11.417168,104.839488,2025-08-14 12:53:41,2025-09-12 12:53:41
291,CUST1090,Sok Heng,M,037 691 1889,Battambang,Grocery,9650.0,Personal Loan,M,Hesitant,ACLEDA,16199.0,10.0,Loan,36,2023,13.101696,103.378265,2025-08-04 12:53:41,2025-09-12 12:53:41
292,CUST1091,Sok Heng,F,058 629 9014,Kandal,Fruit Vendor,15870.0,Savings Account,M,Hesitant,ACLEDA,6171.0,8.7,Loan,24,2023,11.394862,104.774525,2025-08-28 12:53:41,2025-09-12 12:53:41
293,CUST1092,Bopha Ly,M,092 120 7776,Battambang,Fruit Vendor,3990.0,Savings Account,H,Hesitant,ABA,43322.0,8.1,Loan,24,2025,13.405683,103.261,2025-07-13 12:53:41,2025-09-12 12:53:41
294,CUST1093,Sok Savuth,F,053 162 7178,Battambang,Coffee,14330.0,Business Loan,H,Aggressive,ABA,1699.0,11.0,Loan,24,2024,12.937206,102.949899,2025-08-03 12:53:41,2025-09-12 12:53:41
295,CUST1094,Bopha Savuth,M,057 293 8132,Siem Reap,Phone Repair,15200.0,Savings Account,H,Interested,ACLEDA,37167.0,9.0,Loan,36,2023,13.393205,103.819941,2025-07-07 12:53:41,2025-09-12 12:53:41
296,CUST1095,Bopha Heng,M,083 500 6007,Siem Reap,Fruit Vendor,18960.0,Personal Loan,M,Friendly,ACLEDA,46611.0,6.6,Loan,36,2023,13.452688,103.77664,2025-09-03 12:53:41,2025-09-12 12:53:41
297,CUST1096,Vannak Pich,F,040 684 8986,Siem Reap,Phone Repair,27100.0,Savings Account,M,Friendly,ACLEDA,41807.0,9.5,Loan,12,2023,13.429719,103.782449,2025-08-08 12:53:41,2025-09-12 12:53:41
298,CUST1097,Dara Heng,M,066 785 9006,Phnom Penh,Grocery,17040.0,Business Loan,L,Hesitant,ACLEDA,12492.0,9.6,Loan,24,2024,11.586372,104.953028,2025-08-04 12:53:41,2025-09-12 12:53:41
299,CUST1098,Vannak Savuth,F,018 981 1890,Siem Reap,Fruit Vendor,8590.0,Business Loan,H,Aggressive,ABA,11891.0,12.0,Loan,36,2023,13.168601,103.786425,2025-06-14 12:53:41,2025-09-12 12:53:41
300,CUST1099,Ravy Savuth,F,077 227 3062,Siem Reap,Grocery,27670.0,Personal Loan,L,Friendly,ABA,27898.0,12.2,Loan,24,2025,13.284176,103.978366,2025-07-04 12:53:41,2025-09-12 12:53:41
301,CUST1100,Sok Heng,M,050 318 5348,Siem Reap,Phone Repair,17260.0,Business Loan,M,Aggressive,ACLEDA,9167.0,9.4,Loan,12,2025,13.561065,103.640147,2025-06-25 12:53:41,2025-09-12 12:53:41
302,CUST1101,Bopha Pich,M,029 895 5206,Phnom Penh,Grocery,10750.0,Business Loan,M,Friendly,ACLEDA,12105.0,6.8,Loan,12,2025,11.544356,104.970423,2025-06-14 12:53:41,2025-09-12 12:53:41
303,CUST1102,Sok Ly,M,031 294 8671,Kandal,Fruit Vendor,22170.0,Personal Loan,L,Hesitant,ABA,15110.0,13.2,Loan,36,2024,11.259756,104.774849,2025-08-31 12:53:41,2025-09-12 12:53:41
304,CUST1103,Dara Ly,F,013 479 8687,Siem Reap,Fruit Vendor,16650.0,Personal Loan,M,Friendly,ACLEDA,25582.0,5.4,Loan,24,2025,13.48219,104.095231,2025-06-30 12:53:41,2025-09-12 12:53:41
305,CUST1104,Dara Savuth,M,030 196 4849,Siem Reap,Coffee,4220.0,Personal Loan,H,Hesitant,ABA,8160.0,6.8,Loan,36,2025,13.390463,103.808982,2025-08-14 12:53:41,2025-09-12 12:53:41
306,CUST1105,Bopha Ly,F,080 766 8370,Siem Reap,Phone Repair,26310.0,Savings Account,L,Interested,ABA,1036.0,11.1,Loan,36,2023,13.400826,103.980587,2025-09-11 12:53:41,2025-09-12 12:53:41
307,CUST1106,Vannak Pich,M,038 127 2493,Siem Reap,Coffee,5180.0,Personal Loan,M,Friendly,ABA,30264.0,13.6,Loan,36,2025,13.507029,103.91377,2025-07-05 12:53:41,2025-09-12 12:53:41
308,CUST1107,Vannak Savuth,F,096 674 3560,Kandal,Fruit Vendor,7870.0,Savings Account,L,Hesitant,ACLEDA,8648.0,9.8,Loan,24,2023,11.677232,104.995608,2025-09-08 12:53:41,2025-09-12 12:53:41
309,CUST1108,Vannak Heng,M,074 871 7073,Phnom Penh,Fruit Vendor,14180.0,Business Loan,M,Friendly,Canadia,39249.0,11.6,Loan,36,2024,11.516387,104.969888,2025-08-30 12:53:41,2025-09-12 12:53:41
310,CUST1109,Dara Pich,F,044 888 9946,Kandal,Coffee,9740.0,Savings Account,M,Interested,ABA,9829.0,14.6,Loan,12,2023,11.431316,104.692851,2025-09-05 12:53:41,2025-09-12 12:53:41
311,CUST1110,Vannak Pich,M,045 488 3842,Siem Reap,Fruit Vendor,15480.0,Personal Loan,L,Interested,ABA,3761.0,12.7,Loan,36,2023,13.494975,103.583336,2025-07-31 12:53:41,2025-09-12 12:53:41
312,CUST1111,Bopha Savuth,F,066 209 9740,Siem Reap,Fruit Vendor,13420.0,Personal Loan,L,Aggressive,ABA,11616.0,12.2,Loan,12,2023,13.194589,103.979128,2025-08-24 12:53:41,2025-09-12 12:53:41
313,CUST1112,Sok Kim,M,075 191 1084,Siem Reap,Fruit Vendor,15840.0,Business Loan,H,Hesitant,ACLEDA,31133.0,8.1,Loan,24,2025,13.279249,103.765891,2025-06-22 12:53:41,2025-09-12 12:53:41
314,CUST1113,Vannak Ly,F,093 553 8116,Siem Reap,Fruit Vendor,22810.0,Business Loan,H,Hesitant,ACLEDA,11250.0,11.5,Loan,36,2023,13.1663,103.582762,2025-07-22 12:53:41,2025-09-12 12:53:41
315,CUST1114,Vannak Savuth,M,074 735 7121,Battambang,Grocery,28460.0,Business Loan,L,Interested,ABA,46802.0,6.6,Loan,12,2024,13.337881,103.103583,2025-07-22 12:53:41,2025-09-12 12:53:41
316,CUST1115,Bopha Heng,F,056 675 4077,Kandal,Grocery,4200.0,Business Loan,M,Friendly,ABA,43148.0,8.8,Loan,24,2023,11.596521,105.222513,2025-06-19 12:53:41,2025-09-12 12:53:41
317,CUST1116,Sok Pich,F,019 308 5409,Phnom Penh,Phone Repair,11510.0,Business Loan,M,Friendly,ABA,22998.0,10.7,Loan,36,2024,11.601715,104.92091,2025-07-04 12:53:41,2025-09-12 12:53:41
318,CUST1117,Vannak Ly,F,033 762 3365,Kandal,Coffee,23140.0,Personal Loan,H,Friendly,ACLEDA,20951.0,5.2,Loan,36,2025,11.574238,105.215475,2025-08-17 12:53:41,2025-09-12 12:53:41
319,CUST1118,Dara Heng,M,072 716 7619,Battambang,Fruit Vendor,18320.0,Business Loan,M,Friendly,ACLEDA,36559.0,13.4,Loan,36,2023,13.122761,102.953607,2025-08-26 12:53:41,2025-09-12 12:53:41
320,CUST1119,Dara Kim,M,073 200 5236,Kandal,Phone Repair,28100.0,Business Loan,H,Hesitant,ACLEDA,40971.0,9.2,Loan,36,2023,11.483532,104.757756,2025-07-29 12:53:41,2025-09-12 12:53:41
321,CUST1120,Sok Ly,M,047 773 1193,Siem Reap,Fruit Vendor,12230.0,Business Loan,H,Hesitant,Canadia,21534.0,12.2,Loan,36,2024,13.453211,103.713141,2025-08-07 12:53:41,2025-09-12 12:53:41
322,CUST1121,Ravy Pich,M,021 471 7713,Kandal,Grocery,29220.0,Business Loan,H,Aggressive,ACLEDA,9955.0,12.2,Loan,12,2025,11.751384,105.028727,2025-07-02 12:53:41,2025-09-12 12:53:41
323,CUST1122,Bopha Pich,M,044 281 9609,Siem Reap,Fruit Vendor,6940.0,Personal Loan,H,Hesitant,ACLEDA,12495.0,8.3,Loan,24,2023,13.082158,103.923875,2025-07-15 12:53:41,2025-09-12 12:53:41
324,CUST1123,Vannak Pich,M,050 180 5423,Battambang,Phone Repair,28120.0,Savings Account,H,Hesitant,ABA,33478.0,7.2,Loan,36,2024,13.142195,103.454736,2025-06-18 12:53:41,2025-09-12 12:53:41
325,CUST1124,Sok Heng,F,054 221 5489,Kandal,Fruit Vendor,14680.0,Business Loan,H,Aggressive,ACLEDA,49080.0,5.7,Loan,12,2025,11.194579,104.91582,2025-06-20 12:53:41,2025-09-12 12:53:41
326,CUST1125,Vannak Pich,M,022 459 3225,Kandal,Coffee,9020.0,Personal Loan,H,Interested,ABA,47142.0,14.4,Loan,24,2024,11.753789,105.206569,2025-08-05 12:53:41,2025-09-12 12:53:41
327,CUST1126,Sok Savuth,F,023 845 1752,Siem Reap,Grocery,12350.0,Personal Loan,L,Hesitant,Canadia,21812.0,14.7,Loan,36,2024,13.128625,104.149027,2025-07-04 12:53:41,2025-09-12 12:53:41
328,CUST1127,Bopha Ly,F,061 827 7808,Kandal,Phone Repair,24200.0,Business Loan,M,Interested,Canadia,38705.0,9.9,Loan,12,2024,11.409841,105.038181,2025-09-08 12:53:41,2025-09-12 12:53:41
329,CUST1128,Bopha Pich,M,033 444 9412,Siem Reap,Grocery,6410.0,Savings Account,H,Aggressive,Canadia,33930.0,14.9,Loan,36,2023,13.284735,103.782958,2025-06-27 12:53:41,2025-09-12 12:53:41
330,CUST1129,Vannak Savuth,M,029 659 1120,Phnom Penh,Coffee,6760.0,Personal Loan,L,Interested,ABA,45370.0,6.7,Loan,36,2025,11.521386,104.964728,2025-08-11 12:53:41,2025-09-12 12:53:41
331,CUST1130,Ravy Ly,M,076 610 7189,Siem Reap,Phone Repair,13510.0,Business Loan,M,Interested,ACLEDA,34288.0,8.6,Loan,36,2024,13.331628,103.772977,2025-07-15 12:53:41,2025-09-12 12:53:41
332,CUST1131,Dara Pich,F,037 157 1171,Phnom Penh,Phone Repair,22620.0,Savings Account,H,Hesitant,Canadia,15214.0,13.6,Loan,24,2024,11.533129,104.942499,2025-08-28 12:53:41,2025-09-12 12:53:41
333,CUST1132,Dara Savuth,M,083 678 2020,Kandal,Phone Repair,4210.0,Personal Loan,M,Friendly,ACLEDA,44748.0,7.5,Loan,24,2025,11.418277,104.845475,2025-08-29 12:53:41,2025-09-12 12:53:41
334,CUST1133,Sok Kim,M,084 571 4362,Siem Reap,Fruit Vendor,28990.0,Business Loan,L,Aggressive,ABA,10838.0,12.8,Loan,12,2023,13.589098,103.943278,2025-09-03 12:53:41,2025-09-12 12:53:41
335,CUST1134,Vannak Kim,M,067 344 6655,Phnom Penh,Fruit Vendor,16980.0,Business Loan,M,Interested,Canadia,7707.0,13.8,Loan,12,2024,11.604095,104.945959,2025-06-15 12:53:41,2025-09-12 12:53:41
336,CUST1135,Ravy Kim,F,043 250 4037,Battambang,Phone Repair,25400.0,Savings Account,H,Friendly,ACLEDA,32739.0,11.2,Loan,36,2025,12.987052,103.201044,2025-09-03 12:53:41,2025-09-12 12:53:41
337,CUST1136,Bopha Kim,F,068 760 9961,Kandal,Phone Repair,23260.0,Business Loan,H,Friendly,Canadia,40974.0,13.7,Loan,24,2025,11.522597,104.702391,2025-08-16 12:53:41,2025-09-12 12:53:41
338,CUST1137,Dara Pich,F,017 686 3180,Siem Reap,Grocery,22740.0,Business Loan,H,Interested,Canadia,42828.0,7.2,Loan,36,2025,13.4211,103.576234,2025-09-05 12:53:41,2025-09-12 12:53:41
339,CUST1138,Ravy Ly,M,074 832 8395,Kandal,Phone Repair,14770.0,Business Loan,L,Interested,ACLEDA,7381.0,5.2,Loan,36,2025,11.663098,104.825254,2025-07-13 12:53:41,2025-09-12 12:53:41
340,CUST1139,Vannak Savuth,M,097 705 8049,Siem Reap,Grocery,4720.0,Savings Account,L,Interested,ABA,15369.0,13.6,Loan,36,2025,13.555582,103.938978,2025-08-14 12:53:41,2025-09-12 12:53:41
341,CUST1140,Vannak Savuth,F,091 749 2429,Battambang,Phone Repair,14460.0,Business Loan,L,Hesitant,Canadia,34890.0,8.6,Loan,24,2024,12.862901,103.312036,2025-07-18 12:53:41,2025-09-12 12:53:41
342,CUST1141,Ravy Heng,F,097 269 8711,Battambang,Fruit Vendor,20810.0,Personal Loan,H,Hesitant,ACLEDA,22032.0,10.3,Loan,36,2025,13.085473,103.533909,2025-07-14 12:53:41,2025-09-12 12:53:41
343,CUST1142,Dara Kim,M,076 523 6931,Phnom Penh,Coffee,9090.0,Personal Loan,H,Friendly,ABA,27405.0,6.6,Loan,12,2024,11.593643,104.926015,2025-07-20 12:53:41,2025-09-12 12:53:41
344,CUST1143,Dara Heng,M,043 863 5893,Siem Reap,Grocery,14100.0,Personal Loan,M,Interested,Canadia,27799.0,12.9,Loan,24,2024,13.24696,103.598998,2025-06-18 12:53:41,2025-09-12 12:53:41
345,CUST1144,Vannak Heng,M,091 989 5679,Battambang,Phone Repair,12590.0,Savings Account,H,Aggressive,ACLEDA,33352.0,6.1,Loan,24,2025,13.350525,103.016486,2025-07-30 12:53:41,2025-09-12 12:53:41
346,CUST1145,Vannak Savuth,F,076 241 3318,Siem Reap,Grocery,16780.0,Personal Loan,H,Interested,ABA,7317.0,14.5,Loan,12,2023,13.123333,104.052332,2025-09-09 12:53:41,2025-09-12 12:53:41
347,CUST1146,Sok Pich,M,090 307 4936,Kandal,Coffee,25210.0,Business Loan,L,Hesitant,ACLEDA,16647.0,13.3,Loan,24,2024,11.530299,104.700458,2025-06-19 12:53:41,2025-09-12 12:53:41
348,CUST1147,Dara Heng,F,036 430 6439,Phnom Penh,Phone Repair,13370.0,Business Loan,M,Aggressive,ACLEDA,10091.0,12.6,Loan,36,2024,11.533841,104.92038,2025-08-16 12:53:41,2025-09-12 12:53:41
349,CUST1148,Sok Pich,F,033 984 6588,Battambang,Grocery,5660.0,Personal Loan,L,Friendly,ACLEDA,10293.0,14.0,Loan,12,2024,12.973476,103.416913,2025-08-06 12:53:41,2025-09-12 12:53:41
350,CUST1149,Bopha Ly,F,072 362 6707,Kandal,Coffee,18740.0,Personal Loan,L,Friendly,Canadia,40111.0,5.3,Loan,12,2023,11.750289,104.898624,2025-08-20 12:53:41,2025-09-12 12:53:41
351,CUST1150,Bopha Savuth,M,055 637 8380,Kandal,Coffee,7170.0,Savings Account,L,Interested,ABA,49261.0,6.0,Loan,24,2023,11.53707,105.097943,2025-08-21 12:53:41,2025-09-12 12:53:41
352,CUST1151,Ravy Savuth,M,097 800 2991,Battambang,Fruit Vendor,24560.0,Personal Loan,M,Aggressive,ABA,34605.0,5.0,Loan,24,2024,13.199823,103.248799,2025-08-31 12:53:41,2025-09-12 12:53:41
353,CUST1152,Dara Heng,F,021 531 2249,Battambang,Coffee,15540.0,Savings Account,M,Friendly,ABA,42548.0,8.2,Loan,36,2024,12.783564,103.317564,2025-08-11 12:53:41,2025-09-12 12:53:41
354,CUST1153,Ravy Pich,F,059 693 6548,Battambang,Phone Repair,5060.0,Savings Account,H,Hesitant,Canadia,47641.0,5.2,Loan,36,2025,13.356743,103.02681,2025-06-15 12:53:41,2025-09-12 12:53:41
355,CUST1154,Bopha Ly,M,082 109 7469,Battambang,Coffee,10510.0,Savings Account,H,Hesitant,ACLEDA,7129.0,11.3,Loan,24,2023,12.928077,103.482099,2025-07-24 12:53:41,2025-09-12 12:53:41
356,CUST1155,Sok Kim,F,075 559 8669,Battambang,Coffee,14930.0,Business Loan,M,Friendly,Canadia,25184.0,8.8,Loan,24,2024,13.450868,103.596723,2025-06-25 12:53:41,2025-09-12 12:53:41
357,CUST1156,Bopha Heng,M,060 679 4118,Battambang,Fruit Vendor,17740.0,Personal Loan,H,Friendly,ABA,11299.0,7.4,Loan,12,2024,13.155628,103.259492,2025-06-19 12:53:41,2025-09-12 12:53:41
358,CUST1157,Bopha Pich,F,062 885 7457,Phnom Penh,Phone Repair,21220.0,Personal Loan,L,Hesitant,ACLEDA,13941.0,13.4,Loan,12,2024,11.606751,104.884232,2025-07-02 12:53:41,2025-09-12 12:53:41
359,CUST1158,Sok Savuth,M,012 347 9401,Kandal,Coffee,7250.0,Savings Account,M,Aggressive,ABA,10070.0,13.4,Loan,36,2023,11.518676,104.967221,2025-08-03 12:53:41,2025-09-12 12:53:41
360,CUST1159,Sok Savuth,F,010 320 9437,Battambang,Phone Repair,11210.0,Savings Account,L,Hesitant,ABA,31074.0,14.9,Loan,12,2025,13.432146,103.245397,2025-08-22 12:53:41,2025-09-12 12:53:41
361,CUST1160,Vannak Pich,F,094 307 5154,Siem Reap,Grocery,15400.0,Personal Loan,L,Aggressive,ABA,31374.0,11.8,Loan,24,2024,13.55921,103.955593,2025-07-25 12:53:41,2025-09-12 12:53:41
362,CUST1161,Ravy Kim,F,065 482 8325,Kandal,Grocery,17230.0,Savings Account,M,Interested,ACLEDA,33315.0,11.3,Loan,36,2024,11.388744,104.758012,2025-08-02 12:53:41,2025-09-12 12:53:41
363,CUST1162,Ravy Kim,F,022 125 4026,Kandal,Phone Repair,18200.0,Personal Loan,L,Hesitant,ACLEDA,49381.0,10.3,Loan,36,2024,11.2947,104.831636,2025-08-20 12:53:41,2025-09-12 12:53:41
364,CUST1163,Bopha Pich,M,044 708 8733,Siem Reap,Fruit Vendor,3920.0,Business Loan,L,Aggressive,ABA,27974.0,8.0,Loan,12,2025,13.180064,104.105977,2025-06-29 12:53:41,2025-09-12 12:53:41
365,CUST1164,Bopha Ly,M,098 650 2629,Kandal,Coffee,5070.0,Savings Account,H,Aggressive,Canadia,14277.0,13.4,Loan,36,2024,11.445339,104.818015,2025-06-14 12:53:41,2025-09-12 12:53:41
366,CUST1165,Vannak Pich,F,082 754 7727,Phnom Penh,Coffee,22720.0,Savings Account,L,Hesitant,ABA,49074.0,5.5,Loan,12,2025,11.578156,104.956341,2025-08-27 12:53:41,2025-09-12 12:53:41
367,CUST1166,Ravy Heng,M,084 801 6963,Siem Reap,Fruit Vendor,28660.0,Business Loan,M,Hesitant,ABA,12455.0,6.1,Loan,12,2024,13.445553,103.818587,2025-07-08 12:53:41,2025-09-12 12:53:41
368,CUST1167,Bopha Pich,M,045 105 6772,Phnom Penh,Coffee,18100.0,Personal Loan,L,Aggressive,Canadia,19623.0,9.5,Loan,36,2023,11.55313,104.905039,2025-08-18 12:53:41,2025-09-12 12:53:41
369,CUST1168,Sok Ly,M,063 425 9661,Siem Reap,Coffee,5020.0,Business Loan,L,Friendly,Canadia,18143.0,7.2,Loan,12,2024,13.141721,103.885799,2025-07-28 12:53:41,2025-09-12 12:53:41
370,CUST1169,Sok Savuth,F,047 486 2869,Phnom Penh,Phone Repair,23180.0,Personal Loan,L,Friendly,ACLEDA,48443.0,12.5,Loan,12,2023,11.593017,104.969799,2025-08-26 12:53:41,2025-09-12 12:53:41
371,CUST1170,Bopha Kim,M,058 115 9656,Phnom Penh,Phone Repair,14160.0,Personal Loan,H,Friendly,ABA,42183.0,11.6,Loan,12,2023,11.594724,104.917958,2025-09-09 12:53:41,2025-09-12 12:53:41
372,CUST1171,Ravy Pich,F,065 853 7622,Siem Reap,Fruit Vendor,15480.0,Savings Account,L,Interested,ACLEDA,22085.0,12.3,Loan,24,2025,13.42635,103.874312,2025-08-15 12:53:41,2025-09-12 12:53:41
373,CUST1172,Ravy Savuth,M,085 840 8819,Kandal,Coffee,26290.0,Business Loan,M,Interested,ACLEDA,23383.0,12.8,Loan,24,2023,11.672314,104.68069,2025-08-18 12:53:41,2025-09-12 12:53:41
374,CUST1173,Ravy Pich,M,023 722 9091,Kandal,Fruit Vendor,7420.0,Savings Account,M,Friendly,Canadia,41782.0,9.2,Loan,12,2025,11.604584,104.77383,2025-08-19 12:53:41,2025-09-12 12:53:41
375,CUST1174,Bopha Ly,M,079 869 2230,Battambang,Phone Repair,7530.0,Personal Loan,L,Interested,ABA,21853.0,8.8,Loan,24,2025,13.368441,103.473903,2025-08-10 12:53:41,2025-09-12 12:53:41
376,CUST1175,Ravy Heng,F,024 641 3431,Phnom Penh,Grocery,14600.0,Business Loan,H,Interested,ABA,13862.0,13.4,Loan,12,2023,11.567565,104.979719,2025-08-14 12:53:41,2025-09-12 12:53:41
377,CUST1176,Vannak Kim,F,078 300 9333,Phnom Penh,Fruit Vendor,19360.0,Personal Loan,H,Interested,ACLEDA,34101.0,13.0,Loan,24,2024,11.564481,104.942894,2025-06-28 12:53:41,2025-09-12 12:53:41
378,CUST1177,Bopha Heng,F,029 930 7336,Phnom Penh,Fruit Vendor,11510.0,Savings Account,L,Hesitant,ACLEDA,45611.0,14.9,Loan,12,2025,11.58648,104.8952,2025-08-19 12:53:41,2025-09-12 12:53:41
379,CUST1178,Vannak Pich,F,035 953 6086,Kandal,Phone Repair,5340.0,Business Loan,H,Aggressive,Canadia,43734.0,13.3,Loan,12,2024,11.259423,104.700242,2025-09-10 12:53:41,2025-09-12 12:53:41
380,CUST1179,Dara Kim,M,017 492 5722,Siem Reap,Phone Repair,26360.0,Personal Loan,M,Hesitant,ACLEDA,9113.0,7.8,Loan,24,2025,13.184451,104.142717,2025-07-05 12:53:41,2025-09-12 12:53:41
381,CUST1180,Ravy Savuth,M,078 191 2914,Battambang,Grocery,26180.0,Personal Loan,H,Interested,Canadia,39764.0,8.7,Loan,36,2025,13.012267,102.973949,2025-09-08 12:53:41,2025-09-12 12:53:41
382,CUST1181,Ravy Pich,M,062 668 7735,Siem Reap,Coffee,14570.0,Business Loan,L,Aggressive,ACLEDA,6126.0,6.6,Loan,36,2025,13.464603,103.948191,2025-06-30 12:53:41,2025-09-12 12:53:41
383,CUST1182,Dara Kim,M,041 432 6376,Kandal,Coffee,21750.0,Personal Loan,M,Aggressive,ABA,35586.0,12.0,Loan,36,2025,11.708332,104.686156,2025-06-29 12:53:41,2025-09-12 12:53:41
384,CUST1183,Vannak Ly,M,074 121 8181,Siem Reap,Fruit Vendor,16410.0,Personal Loan,H,Hesitant,ABA,14977.0,13.4,Loan,24,2024,13.340507,104.030857,2025-08-04 12:53:41,2025-09-12 12:53:41
385,CUST1184,Sok Kim,F,067 485 1103,Battambang,Fruit Vendor,10030.0,Business Loan,L,Hesitant,ABA,40434.0,14.3,Loan,36,2024,13.269091,102.860176,2025-07-25 12:53:41,2025-09-12 12:53:41
386,CUST1185,Ravy Kim,F,013 905 3684,Kandal,Fruit Vendor,13400.0,Personal Loan,M,Friendly,ABA,49829.0,14.8,Loan,12,2023,11.353418,104.755771,2025-08-04 12:53:41,2025-09-12 12:53:41
387,CUST1186,Vannak Savuth,F,079 303 5060,Siem Reap,Phone Repair,13370.0,Business Loan,H,Interested,Canadia,23559.0,12.3,Loan,36,2025,13.079041,103.828935,2025-08-08 12:53:41,2025-09-12 12:53:41
388,CUST1187,Bopha Kim,M,066 906 8500,Phnom Penh,Grocery,27170.0,Personal Loan,H,Friendly,ACLEDA,15959.0,8.1,Loan,24,2023,11.598734,104.881122,2025-08-22 12:53:41,2025-09-12 12:53:41
389,CUST1188,Bopha Heng,M,018 621 5785,Kandal,Phone Repair,7530.0,Business Loan,M,Hesitant,Canadia,6980.0,8.9,Loan,36,2023,11.54413,105.066636,2025-07-01 12:53:41,2025-09-12 12:53:41
390,CUST1189,Sok Pich,M,099 194 4369,Siem Reap,Phone Repair,22070.0,Personal Loan,L,Friendly,ACLEDA,2635.0,8.8,Loan,12,2023,13.418548,104.111438,2025-09-03 12:53:41,2025-09-12 12:53:41
391,CUST1190,Ravy Kim,F,068 580 2727,Battambang,Coffee,10770.0,Business Loan,M,Friendly,ABA,13116.0,6.9,Loan,24,2024,13.402449,103.35844,2025-07-24 12:53:41,2025-09-12 12:53:41
392,CUST1191,Vannak Ly,M,044 547 3826,Kandal,Phone Repair,4500.0,Personal Loan,H,Hesitant,ABA,20022.0,13.2,Loan,12,2025,11.730249,104.905535,2025-07-21 12:53:41,2025-09-12 12:53:41
393,CUST1192,Vannak Heng,F,086 406 3398,Phnom Penh,Fruit Vendor,15890.0,Business Loan,H,Interested,Canadia,20085.0,6.6,Loan,12,2024,11.545034,104.914001,2025-07-25 12:53:41,2025-09-12 12:53:41
394,CUST1193,Bopha Heng,M,079 877 5444,Siem Reap,Fruit Vendor,7890.0,Business Loan,H,Friendly,Canadia,24465.0,13.3,Loan,12,2023,13.633284,103.751488,2025-08-17 12:53:41,2025-09-12 12:53:41
395,CUST1194,Sok Heng,M,054 824 2371,Battambang,Phone Repair,5310.0,Personal Loan,H,Friendly,ABA,24513.0,7.7,Loan,36,2024,12.940143,103.171664,2025-08-03 12:53:41,2025-09-12 12:53:41
396,CUST1195,Vannak Pich,M,040 191 8328,Battambang,Fruit Vendor,28920.0,Personal Loan,L,Aggressive,Canadia,44153.0,13.2,Loan,36,2024,13.043198,103.404472,2025-08-28 12:53:41,2025-09-12 12:53:41
397,CUST1196,Dara Pich,M,049 526 5767,Kandal,Fruit Vendor,24280.0,Personal Loan,H,Interested,ABA,15721.0,8.7,Loan,12,2025,11.244454,105.079698,2025-09-10 12:53:41,2025-09-12 12:53:41
398,CUST1197,Vannak Pich,F,025 243 8815,Phnom Penh,Grocery,25720.0,Savings Account,L,Aggressive,Canadia,27592.0,10.9,Loan,24,2025,11.545466,104.943884,2025-07-29 12:53:41,2025-09-12 12:53:41
399,CUST1198,Bopha Kim,M,070 858 1090,Kandal,Fruit Vendor,10500.0,Business Loan,H,Interested,Canadia,7074.0,13.4,Loan,36,2024,11.363433,105.165904,2025-06-30 12:53:41,2025-09-12 12:53:41
400,CUST1199,Bopha Kim,M,016 639 4999,Battambang,Fruit Vendor,29100.0,Business Loan,L,Friendly,Canadia,47309.0,13.3,Loan,12,2025,12.733872,102.863169,2025-07-10 12:53:41,2025-09-12 12:53:41
